Date of Offense,Time of Offense,Date Offense Reported,Report Year,Month,CCN,District,Block Location,Type of Hate Bias,Targeted Group ,Top Offense Type
1/8/2012,1500-1505,01/08/12,2012,1,12003845,3D,1600 B/O 17th St NW ,Sexual Orientation,,Threats
1/12/2012,1722,01/12/12,2012,1,12005834,1D,3rd St SW & K St SW,Sexual Orientation,,Robbery
1/13/2012,1255-1258,01/13/12,2012,1,12006285,4D,Park Rd NW & Sherman Ave NW,Race,Unspecified,Simple Assault
1/14/2012,0240-0250,01/14/12,2012,1,12006716,3D,1800 B/O 14th St NW,Sexual Orientation,,Simple Assault
1/14/2012,0431-0433,01/14/12,2012,1,12006742,3D,18th St NW & Florida Ave NW,Ethnicity/National Origin,Arab/Middle Eastern,Simple Assault
1/22/2012,0145,01/22/12,2012,1,12010626,7D,1300 B/O Alabama Ave SE,Sexual Orientation,,ADW
1/22/2012,1930,01/22/12,2012,1,12010912,1D,600 B/O H St NW,Race,Asian,Threats
2/6/2012,1900,02/06/12,2012,2,12018396,3D,1300 B/O Park Rd NW,Sexual Orientation,,Simple Assault
2/8/2012,1200-1230,02/09/12,2012,2,12019568,1D,400 B/O 3rd St SE,Race,Black,Threats
2/14/2012,0900-0915,02/14/12,2012,2,12021883,1D,1400 B/O Independence Ave SW,Ethnicity/National Origin,Unspecified,Simple Assault
2/21/2012,1010,02/21/12,2012,2,12025144,2D,1500 B/O M St NW,Ethnicity/National Origin,Asian,Threats
2/23/2012,0150-0153,02/23/12,2012,2,12026003,4D,700 B/O Upshur St NW,Sexual Orientation,,Robbery
3/11/2012,0636-0700,03/11/12,2012,3,12034069,3D,3100 B/O 14th St NW,Sexual Orientation,,ADW
3/12/2012,2135-2140,03/12/12,2012,3,12034811,3D,Irving St NW & Georgia Ave NW,Sexual Orientation,,Robbery
3/16/2012,2315,03/17/12,2012,3,12036881,6D,4000 B/O Minnesota Ave NE,Sexual Orientation,,Robbery
3/17/2012,2100-2115,03/19/12,2012,3,12038136,7D,3400 B/O 22nd St SE,Gender Identity/Expression,,Damage/Defacing/Destruction of Property
3/8/2012,1655-1730,03/20/12,2012,3,12038547,1D,1000 B/O Independence Ave SW,Sexual Orientation,,Threats
3/25/2012,0257-0258,03/25/12,2012,3,12040991,3D,2000 B/O 9th St NW,Sexual Orientation,,Simple Assault
3/27/2012,1400-1435,03/27/12,2012,3,12042017,7D,3000 B/O 9th St SE,Sexual Orientation,,Simple Assault
3/29/2012,0150,03/29/12,2012,3,12042817,2D,2800 B/O Pennsylvania Ave NW,Ethnicity/National Origin,Arab/Middle Eastern,Simple Assault
4/4/2012,1300,04/04/12,2012,4,12045820,6D,E St SE & Chaplin St SE,Sexual Orientation,,Simple Assault
8/23/2012,1200-1800,04/04/12,2012,4,12046039,6D,4200 B/O Gault Pl NE,Sexual Orientation,,Threats
4/13/2012,1833-1845,04/13/12,2012,4,12050382,7D,1900 B/O Mississippi Ave SE,Sexual Orientation,,Simple Assault
4/17/2012,0550-0559,04/17/12,2012,4,12052005,5D,3100 B/O Central Ave NE,Sexual Orientation,,Robbery
4/17/2012,2140,04/17/12,2012,4,12052410,4D,1500 B/O Ogden St NW,Gender Identity/Expression,,Threats
4/6/2012,0832-1241,04/18/12,2012,4,12052642,2D,1300 B/O Pennsylvania Ave NW,Race,Black,Threats
4/29/2012,0230,04/29/12,2012,4,12058115,2D,22nd St NW & P St NW,Race,Unspecified,Damage/Defacing/Destruction of Property
4/4/2012,0200,05/02/12,2012,5,12059617,3D,1800 B/O 14th St NW,Race,Black,Simple Assault
5/3/2012,2149-2248,05/04/12,2012,5,12060407,5D,1400 B/O Blk of V St NW,Sexual Orientation,,Threats
5/8/2012,0830,05/08/12,2012,5,12062696,4D,700 B/O Princeton Pl NW,Race,Black,Damage/Defacing/Destruction of Property
5/16/2012,0130,05/16/12,2012,5,12066780,1D,7th St NE & H St NE,Gender Identity/Expression,,Simple Assault
5/20/2012,1000,05/20/12,2012,5,12069176,2D,18th St NW & M St NW,Sexual Orientation,,Simple Assault
6/1/2012,0230,06/01/12,2012,6,12075322,3D,2000 B/O 9th St NW,Race,Unspecified,Simple Assault
6/5/2012,0312-0345,06/05/12,2012,6,12077382,1D,200 B/O K St NW,Race,Unspecified,Simple Assault
6/8/2012,0121-0130,06/08/12,2012,6,12079020,3D,900 B/O Q St NW,Sexual Orientation,,ADW
6/8/2012,0220-0223,06/08/12,2012,6,12079041,3D,1600 B/O R St NW,Sexual Orientation,,Simple Assault
6/13/2012,1937-1938,06/13/12,2012,6,12082150,1D,4th St NW & Pennsylvania Ave NW,Race,Unspecified,Threats
6/22/2012,0430,06/22/12,2012,6,12086552,4D,Irving St NW & Mount Pleasant St NW,Sexual Orientation,,Robbery
6/23/2012,2220-2225,06/23/12,2012,6,12087498,3D,1400 B/O 14th St NW,Sexual Orientation,,Simple Assault
6/26/2012,2040-2100,06/27/12,2012,6,12089021,1D,600 B/O T St NW,Sexual Orientation,,ADW
6/27/2012,1843-1845,06/27/12,2012,6,12089479,3D,2800 B/O Georgia Ave NW,Gender Identity/Expression,,ADW
6/29/2012,1430,06/29/12,2012,6,12090516,7D,2600 B/O Martin Luther King Jr Ave SE,Sexual Orientation,,Simple Assault
7/1/2012,0300-0330,07/01/12,2012,7,12091566,3D,600 B/O Florida Ave NW,Sexual Orientation,,Simple Assault
7/1/2012,2250,07/01/12,2012,7,12091731,3D,2200 B/O BLK of 18th St NW,Sexual Orientation,,Simple Assault
7/1/2012,1900-1903,07/01/12,2012,7,12092003,2D,New Hampshire Ave NW & S St NW,Ethnicity/National Origin,Asian,Simple Assault
6/30/2012,0837-0840,07/03/12,2012,7,12092554,6D,1900 B/O Minnesota Ave Ave SE,Gender Identity/Expression,,Simple Assault
7/8/2012,0930,07/08/12,2012,7,12095238,7D,2000 B/O 14th St SE,Sexual Orientation,,Damage/Defacing/Destruction of Property
7/17/2012,1330,07/17/12,2012,7,12101740,3D,14th St NW & Rhode Island Ave NW,Disability,,Simple Assault
8/4/2012,0400,08/04/12,2012,8,12109242,1D,7th St NW & K St NW,Sexual Orientation,,Robbery
8/6/2012,1500,08/06/12,2012,8,12110368,6D,E St SE & Benning Rd SE,Sexual Orientation,,Robbery
8/10/2012,0045,08/10/12,2012,8,12112229,Unk,1000 B/O 4th St NW,Gender Identity/Expression,,Simple Assault
8/11/2012,1746,08/11/12,2012,8,12113128,1D,700 B/O 6th St NW,Religion,Jewish,Threats
8/15/2012,1050,08/15/12,2012,8,12114937,1D,800 B/O G St NW,Political Affiliation,,ADW
8/18/2012,1341,08/18/12,2012,8,12116585,4D,1500 B/O Spring Pl NW,Sexual Orientation,,Threats
8/18/2012,1745,08/18/12,2012,8,12116716,5D,1100 B/O 1st St NE,Sexual Orientation,,Threats
8/19/2012,2130-2135,08/19/12,2012,8,12117324,6D,1800 B/O BLK of Minnesota Ave SE,Gender Identity/Expression,,ADW
8/23/2012,0241,08/23/12,2012,8,12118951,7D,3300 B/O blk Martin Luther King Jr Ave,Sexual Orientation,,Simple Assault
8/23/2012,1656,08/23/12,2012,8,12119254,3D,600 B/O blk of Rhode Island Ave NW,Sexual Orientation,,Simple Assault
8/25/2012,1957,08/25/12,2012,8,12120395,3D,2100 B/O 18th St NW,Religion,Jewish,Simple Assault
8/25/2012,2353,08/25/12,2012,8,12120516,7D,4700 B/O blk of South Capitol St SE,Sexual Orientation,,ADW
8/27/2012,1700,08/27/12,2012,8,12121218,1D,K St NW & North Capitol ST NW,Gender Identity/Expression,,Robbery
8/29/2012,0010-0031,08/29/12,2012,8,12121983,2D,1300 B/O blk of 23rd St NW,Sexual Orientation,,Robbery
8/31/2012,2353,08/31/12,2012,8,12123570,6D,1900 B/O blk of Minnesota Ave SE,Sexual Orientation,,Robbery
9/2/2012,1411,09/02/12,2012,9,12124273,3D,3100 B/O 14th St NW,Religion,Other/Unknown Religion,Robbery
9/11/2012,0207,09/11/12,2012,9,12128457,3D,2200 B/O 14th St NW,Sexual Orientation,,Simple Assault
9/18/2012,1802,09/18/12,2012,9,12132265,3D,900 B/O R St NW,Sexual Orientation,,ADW
10/5/2012,0800-1947,10/05/12,2012,10,12141095,4D,3500 B/O Warder St NW,Sexual Orientation,,Damage/Defacing/Destruction of Property
10/7/2012,0509,10/07/12,2012,10,12141860,3D,200 B/O W St NW,Sexual Orientation,,ADW
10/12/2012,1800-0820,10/12/12,2012,10,12146636,2D,1800 B/O M St NW,Religion,Jewish,Damage/Defacing/Destruction of Property
10/20/2012,2258,10/20/12,2012,10,12148536,6D,600 B/O Division Ave NE,Gender Identity/Expression,,Simple Assault
10/25/2012,1800-1151 ,10/26/12,2012,10,12151408,2D,1800 B/O K St NW,Religion,Jewish,Damage/Defacing/Destruction of Property
10/27/2012,0412,10/27/12,2012,10,12151904,4D,1400 B/O Meridian Pl ,Race,Unspecified,Robbery
10/30/2012,1230,10/30/12,2012,10,12153620,7D,2700 B/O Martin Luther King Jr Ave SE,Sexual Orientation,,Simple Assault
10/31/2012,2339,10/31/12,2012,10,12153835,3D,2800 B/O Georgia Ave NW,Sexual Orientation,,Threats
11/5/2012,1954,11/05/12,2012,11,12156229,5D,600 B/O Edgewood St NE,Sexual Orientation,,Simple Assault
11/19/2012,1452,11/19/12,2012,11,12162862,2D,1400 B/O K St NW,Race,Black,Simple Assault
11/23/2012,1000,11/23/12,2012,11,12164492,5D,Montello Ave NE & Oates St NE,Sexual Orientation,,Robbery
12/7/2012,1900,12/08/12,2012,12,12171834,3D,1900 B/O 4th ST NW,Race,Black,Damage/Defacing/Destruction of Property
12/12/2012,1746,12/12/12,2012,12,12173827,4D,1300 B/O Missouri Ave NW,Sexual Orientation,,Robbery
12/22/2012,0235,12/22/12,2012,12,12178573,4D,4200 B/O 3rd St NW,Sexual Orientation,,Simple Assault
1/2/2013,1324,01/02/13,2013,1,13000464,2D,3800 B/O Legation St NW,Religion,Jewish,Damage/Defacing/Destruction of Property
1/2/2013,1600-0915,01/03/13,2013,1,13000847,2D,5300 B/O Nebraska Ave NW,Religion,Jewish,Damage/Defacing/Destruction of Property
1/1/2013,0115-1100,01/03/13,2013,1,13000856,3D,14th St NW & U St NW,Gender Identity/Expression,,Threats
1/5/2013,1952,01/05/13,2013,1,13001980,6D,5000 B/O G St SE,Gender Identity/Expression,,ADW
1/12/2013,1500,01/12/13,2013,1,13005159,3D,3100 B/O 14th St NW,Sexual Orientation,,Simple Assault
1/13/2013,0214,01/13/13,2013,1,13005426,3D,1300 B/O U St NW,Sexual Orientation,,Simple Assault
1/13/2013,1808-1809,01/13/13,2013,1,13005668,5D,3rd St NW & Q St NW,Sexual Orientation,,Simple Assault
2/5/2013,2200,02/07/13,2013,2,13016960,4D,600 B/O Tewkesbury Pl NW,Religion,Jewish,Damage/Defacing/Destruction of Property
2/9/2013,1400-1405,02/09/13,2013,2,13017988,3D,800 B/O Mt Vernon Pl NW,Sexual Orientation,,Simple Assault
2/22/2013,1440-1448,02/22/13,2013,2,13024055,7D,3800 B/O South Capitol St SE,Gender Identity/Expression,,ADW
2/25/2013,1600-1605,02/25/13,2013,2,13025037,7D,3100 B/O Naylor Rd SE,Sexual Orientation,,Robbery
2/27/2013,0020-0022,02/27/13,2013,2,13025678,5D,2100 B/O Queens Chapel Rd NE,Race,White,Threats
3/3/2013,0159-0200,03/03/13,2013,3,13027781,3D,1400 B/O U St NW,Sexual Orientation,,Simple Assault
3/11/2013,2034,03/11/13,2013,3,13031810,3D,1700 B/O Columbia Rd NW,Sexual Orientation,,Threats
3/12/2013,1400,03/12/13,2013,3,13032136,6D,2800 B/O Texas Ave SE Apt B5,Sexual Orientation,,Threats
3/14/2013,2249-2250,03/14/13,2013,3,13033386,3D,1900 B/O 3rd St NW,Sexual Orientation,,Simple Assault
3/17/2013,2230,03/17/13,2013,3,13034899,2D,Connecticut Ave NW & Jefferson Pl NW,Ethnicity/National Origin,Arab/Middle Eastern,Threats
3/20/2013,1737,03/20/13,2013,3,13036237,1D,800 B/O blk of H St NE,Gender Identity/Expression,,Simple Assault
3/23/2013,0210-0215,03/23/13,2013,3,13037458,3D,9th St NW & U St NW,Sexual Orientation,,Simple Assault
4/6/2013,0124,04/06/13,2013,4,13044090,3D,1700 B/O Columbia Rd NW,Race,Asian,Simple Assault
4/10/2013,1044,04/10/13,2013,4,13046217,7D,Howard Rd SE & Martin Luther King Jr Ave SE,Sexual Orientation,,Simple Assault
4/10/2013,1904,04/10/13,2013,4,13046481,6D,4400 B/O Texas Ave SE,Ethnicity/National Origin,Latino/Hispanic,ADW
4/25/2013,5300,04/25/13,2013,4,13053916,3D,1300 B/O 14th St NW,Sexual Orientation,,Robbery
5/3/2013,1800,05/05/13,2013,5,13059479,3D,11th St NW & Rhode Island Ave NW,Sexual Orientation,,Damage/Defacing/Destruction of Property
5/11/2013,1701-1711,05/11/13,2013,5,13062765,1D,1300 B/O Potomac Ave SE,Race,White,Simple Assault
5/12/2013,1800-1900,05/14/13,2013,5,13064348,5D,1600 B/O Maryland Ave NE,Sexual Orientation,,Simple Assault
5/21/2013,0115-0118,05/21/13,2013,5,13067771,5D,500 B/O 17th St NE,Race,White,Simple Assault
6/1/2013,0215,06/01/13,2013,6,13073757,3D,1800 B/O New Hampshire Ave NW,Sexual Orientation,,Robbery
6/4/2013,1800,06/04/13,2013,6,13075701,6D,1300 B/O 49th St NE,Sexual Orientation,,Simple Assault
6/7/2013,1957,06/07/13,2013,6,13077377,6D,5200 B/O Cloud Pl NE,Race,White,Threats
6/11/2013,1250-1255,06/11/13,2013,6,13079198,7D,3400 B/O 4th St SE,Sexual Orientation,,Simple Assault
6/11/2013,1433-1440,06/11/13,2013,6,13079270,1D,Unit B/O Massachusetts Ave NW,Race,Black,Threats
6/13/2013,1825-1830,06/13/13,2013,6,13080496,7D,3800 B/O 1st St SE,Sexual Orientation,,Simple Assault
6/14/2013,2123-2124,06/14/13,2013,6,13081164,1D,500 B/O Massachusetts Ave NW,Sexual Orientation,,Simple Assault
6/15/2013,1248,06/15/13,2013,6,13081519,7D,16th St SE & Good Hope Rd SE,Sexual Orientation,,Simple Assault
6/20/2013,1841-1855,06/20/13,2013,6,13084477,5D,1500 B/O Tinidad Ave NE,Race,White,Threats
6/24/2013,2100,06/24/13,2013,6,13086807,3D,1800 B/O 14th St NW,Gender Identity/Expression,,Simple Assault
6/26/2013,0345-0355,06/26/13,2013,6,13087517,6D,400 B/O Eastern Ave NE,Gender Identity/Expression,,Robbery
6/27/2013,0535-0536,06/27/13,2013,6,13088119,6D,500 B/O Eastern Ave NE,Gender Identity/Expression,,ADW
7/3/2013,2030-2040,07/03/13,2013,7,13093081,7D,2300 B/O Good Hope Rd SE,Sexual Orientation,,ADW
7/9/2013,1345,07/09/13,2013,7,13095260,2D,1300 B/O H St NW,Race,Multiple,Threats
7/7/2013,1810-1200,07/08/13,2013,7,13095740,1D,400 B/O K St NW,Race,Black,Threats
7/11/2013,2155-2215,07/11/13,2013,7,13096591,3D,14th St NW & W St NW,Sexual Orientation,,ADW
7/12/2013,0000,07/12/13,2013,7,13096614,3D,7th ST NW & P St NW,Sexual Orientation,,Simple Assault
7/14/2013,0219,07/14/13,2013,7,13097871,3D,1300 B/O blk of U Stre NW,Race,White,Simple Assault
7/14/2013,0248,07/14/13,2013,7,13097888,3D,2300 B/O Champlain St NW,Race,Black,Simple Assault
7/21/2013,0418,07/21/13,2013,7,13101721,3D,2100 B/O blk of 18th St NW,Race,White,ADW
7/26/2013,2340-2349,07/26/13,2013,7,13104935,1D,600 B/O H St NW,Gender Identity/Expression,,Simple Assault
7/27/2013,0126,07/27/13,2013,7,13105009,3D,1700 B/O Euclid St NW,Race,White,Robbery
8/1/2013,2100-2105,08/02/13,2013,8,13108311,1D,1st ST NE & Pierce St NE,Sexual Orientation,,Damage/Defacing/Destruction of Property
8/4/2013,1100-1101,08/04/13,2013,8,13109824,4D,Georgia Ave NW & Upshur St NW,Gender Identity/Expression,,ADW
8/12/2013,0025-0030,08/12/13,2013,8,13113804,7D,2500 B/O Alabama Ave SE,Sexual Orientation,,Simple Assault
8/12/2013,2040-2042,08/12/13,2013,8,13114264,7D,1500 B/O Savannah St SE,Race,White,ADW
8/24/2013,0051,08/24/13,2013,8,13120264,3D,1400 B/O V St NW,Gender Identity/Expression,,ADW
9/3/2013,2133,09/03/13,2013,9,13125881,6D,4500 B/O Benning Rd SE,Ethnicity/National Origin,Asian,Simple Assault
9/8/2013,1555-1559,09/08/13,2013,9,13128491,1D,600 B/O H St NW,Race,Asian,Simple Assault
9/14/2013,0150,09/14/13,2013,9,13131421,5D,2000 B/O 2nd St NE,Sexual Orientation,,Simple Assault
9/17/2013,13-133719,09/17/13,2013,9,13133719,2D,2600 B/O Connecticut Ave NW,Religion,Jewish,Damage/Defacing/Destruction of Property
9/28/2013,13-139078,09/28/13,2013,9,13139078,6D,100 B/O 58th St SE,Sexual Orientation,,ADW
10/8/2013,2230-2238,10/08/13,2013,10,13145014,7D,2600 B/O Stanton Rd SE,Sexual Orientation,,Robbery
10/17/2013,1643,10/17/13,2013,10,13149438,6D,5300 B/O E St SE,Sexual Orientation,,Damage/Defacing/Destruction of Property
10/19/2013,0030,10/19/13,2013,10,13150239,3D,Harvard St NW & Sherman Ave NW,Sexual Orientation,,ADW
10/26/2013,0228,10/26/13,2013,10,13154097,3D,7th St NW & Mount Vernon Pl NW,Gender Identity/Expression,,Simple Assault
10/26/2013,1500,10/26/13,2013,10,13155414,1D,1100 B/O Pennsylvania Ave SE,Gender Identity/Expression,,Simple Assault
11/7/2013,1800-1045,11/08/13,2013,11,13161121,2D,1500 B/O K St NW,Religion,Jewish,Damage/Defacing/Destruction of Property
12/18/2013,1951,12/18/13,2013,12,13180758,3D,2100 B/O 16th St NW,Race,Black,Simple Assault
12/19/2013,0815-0820,12/19/13,2013,12,13180997,7D,400 B/O Xenia St SE,Race,Unspecified,ADW
12/30/2013,1231,12/30/13,2013,12,13186593,7D,100 B/O Wayne Pl SE,Sexual Orientation,,Simple Assault
1/3/2014,0242,01/01/14,2014,1,14001090,7D,2400 B/O Alabama Ave SE,Sexual Orientation,,Robbery
1/26/2014,0129-0140,01/26/14,2014,1,14012327,4D,5300 B/O RockCreek Church Rd NE,Sexual Orientation,,Simple Assault
2/3/2014,1525-1558,02/03/14,2014,2,14016376,1D,Unit B/O 7th St NE,Political Affiliation,,Threats
2/3/2014,0745-1600,02/03/14,2014,2,14016428,3D,1700 B/O 1st St NW,Race,Black,Damage/Defacing/Destruction of Property
2/4/2014,0900-1200,02/04/14,2014,2,14017169,2D,3600 B/O Calvert St NW,Sexual Orientation,,Damage/Defacing/Destruction of Property
2/7/2014,0650-0653,02/07/14,2014,2,14018072,1D,400 B/O 2nd St NW,Gender Identity/Expression,,Simple Assault
2/12/2014,1000-1005,02/12/14,2014,2,14020570,2D,1100 B/O Connecticut Ave NW,Sexual Orientation,,Simple Assault
2/18/2014,2135-2140,02/18/14,2014,2,14023245,3D,Unit B/O Channing St NW,Sexual Orientation,,Threats
2/20/2014,2233,02/20/14,2014,2,14024251,2D,1300 B/O Connecticut Ave NW,Religion,Muslim,Damage/Defacing/Destruction of Property
2/21/2014,0150-0154,02/21/14,2014,2,14024321,2D,24th St NW & Pennsylvania Ave NW,Sexual Orientation,,Simple Assault
2/21/2014,1155-1200,02/21/14,2014,2,14024547,2D,1500 B/O K St NW,Religion,Jewish,Damage/Defacing/Destruction of Property
2/23/2014,1700-1711,02/23/14,2014,2,14025713,4D,200 B/O Upshur St NW,Disability,,Simple Assault
2/26/2014,2019,02/26/14,2014,2,14027299,7D,1100 B/O Summer Rd SE,Sexual Orientation,,Simple Assault
3/3/2014,1700,03/03/14,2014,3,14029582,4D,4700 B/O Blagden Terrace NW,Sexual Orientation,,Sexual Abuse
3/16/2014,1601-1615,03/16/14,2014,3,14036236,4D,5900 B/O Georgia Ave NW,Sexual Orientation,,Simple Assault
3/18/2014,1920-1929,03/18/14,2014,3,14037147,7D,1400 B/O Congress Pl SE,Gender Identity/Expression,,Threats
4/11/2014,1200 - 1000,04/12/14,2014,4,14051376,4D,700 B/O Quincy St NW,Religion,Jewish,Damage/Defacing/Destruction of Property
4/14/2014,1845-1850,04/14/14,2014,4,14051643,6D,5200 B/O F St SE,Gender Identity/Expression,,ADW
4/15/2014,1455-1500,04/15/14,2014,4,14052101,5D,600 B/O Michigan Ave NE,Gender Identity/Expression,,Robbery
4/16/2014,1425-1430,04/16/14,2014,4,14052514,5D,1900 B/O 3rd St NE,Gender Identity/Expression,,ADW
4/19/2014,1900-1901,04/19/14,2014,4,14054249,3D,1700 B/O U St NW,Sexual Orientation,,Simple Assault
4/22/2014,1725,04/22/14,2014,4,14055712,2D,2400 B/O Virginia Ave NW,Homelessness,,Simple Assault
5/12/2014,1700-1910,05/13/14,2014,5,14067414,2D,1400 B/O K St NW,Religion,Jewish,Damage/Defacing/Destruction of Property
5/15/2014,0150-0153,05/15/14,2014,5,14068447,4D,3400 B/O 14th St NW,Gender Identity/Expression,,ADW
5/20/2014,1618-1620,05/20/14,2014,5,14071624,1D,700 B/O 8TH St SE,Sexual Orientation,,Simple Assault
5/23/2014,0439,05/23/14,2014,5,14073281,2D,1200 B/O 25th St NW,Race,White,Damage/Defacing/Destruction of Property
5/24/2014,1248,05/24/14,2014,5,14074002,7D,Unit B/O Forrester St SW,Sexual Orientation,,Simple Assault
5/24/2014,1520-1522,05/24/14,2014,5,14074059,3D,1300 B/O Corcoran St NW,Race,Black,Damage/Defacing/Destruction of Property
6/8/2014,1500,06/08/14,2014,6,14082778,6D,1600 B/O T St SE,Sexual Orientation,,Threats
6/10/2014,1342-1722,06/10/14,2014,6,14083820,1D,400 B/O New Jersey Ave SE,Religion,Muslim,Threats
6/16/2014,2135-2140,06/16/14,2014,6,14087553,5D,1600 B/O F St NE,Gender Identity/Expression,,ADW
6/18/2014,2335-2338,06/18/14,2014,6,14088758,4D,5000 B/O Georgia Ave NW,Race,Unspecified,ADW
6/25/2014,1458,06/25/14,2014,6,14092699,2D,1400 B/O K St NW,Religion,Muslim,Damage/Defacing/Destruction of Property
6/29/2014,0226-0233,06/29/14,2014,6,14095037,4D,3400 B/O 14th St NW,Sexual Orientation,,Threats
7/2/2014,1500-1504,07/02/14,2014,7,14096982,1D,400 B/O L St NW,Sexual Orientation,,Simple Assault
7/5/2014,0305-0309,07/05/14,2014,7,14098533,4D,3700 B/O Georgia Ave NW,Sexual Orientation,,ADW
7/8/2014,1155,07/08/14,2014,7,14100355,2D,1300 B/O New Hampshire Ave NW,Religion,Jewish,Damage/Defacing/Destruction of Property
7/14/2014,2049-2132,07/14/14,2014,7,14104172,2D,1300 B/O New Hampshire Ave NW,Religion,Jewish,Threats
7/16/2014,0509,07/16/14,2014,7,14104831,6D,63rd St NE & Eastern Ave NE,Gender Identity/Expression,,Threats
7/20/2014,1844-1845,07/20/14,2014,7,14107657,3D,900 B/O U St NW,Gender Identity/Expression,,Simple Assault
7/20/2014,1900-1910,07/20/14,2014,7,14107728,2D,H St NW & Vermont Ave NW,Ethnicity/National Origin,Black/African,Simple Assault
7/25/2014,0817,07/25/14,2014,7,14110263,7D,2200 B/O Savannah St SE,Gender Identity/Expression,,ADW
7/27/2014,0333,07/27/14,2014,7,14111571,6D,100 B/O 42nd St NE,Gender Identity/Expression,,Threats
7/28/2014,0255-0257,07/28/14,2014,7,14112064,3D,1600 B/O 17th St NW,Race,Black,Simple Assault
8/2/2014,1311,08/02/14,2014,8,14115367,4D,100 B/O Longfellow St NW,Race,Black,Simple Assault
8/2/2014,1541-1548,08/02/14,2014,8,14115423,4D,1300 B/O Missouri Ave NW,Gender Identity/Expression,,Threats
8/2/2014,1620-1627,08/02/14,2014,8,14115487,7D,Mapleview Pl SE & Martin Luther King Jr Ave SE,Gender Identity/Expression,,Robbery
8/3/2014,0420-0421,08/03/14,2014,8,14115840,3D,1900 B/O 14th St NW,Race,Black,Simple Assault
8/3/2014,1401,08/03/14,2014,8,14115986,3D,1700 B/O Columbia Rd NW,Race,Black,Simple Assault
8/11/2014,1830-1839,08/11/14,2014,8,14120697,5D,600 B/O 24th St NE,Sexual Orientation,,Simple Assault
8/11/2014,1000,08/13/14,2014,8,14121614,5D,1200 B/O Queen St NE,Ethnicity/National Origin,Asian,Damage/Defacing/Destruction of Property
8/13/2014,1935,08/13/14,2014,8,14121846,3D,100 B/O Q St NW,Gender Identity/Expression,,Simple Assault
8/15/2014,0144-0200,08/15/14,2014,8,14122597,3D,1700 B/O Euclid St NW,Sexual Orientation,,Simple Assault
8/18/2014,1848-1849,08/19/14,2014,8,14124759,2D,1500 B/O K St NW,Race,Black,Simple Assault
8/19/2014,1215-1230,08/19/14,2014,8,14125118,4D,14th ST NW & Meridian Pl NW,Sexual Orientation,,Simple Assault
9/5/2014,0840-0845,09/05/14,2014,9,14136225,4D,5900 B/O Georgia Ave NW,Sexual Orientation,,Simple Assault
9/13/2014,0034-0035,09/13/14,2014,9,14139611,2D,33rd St NW & M St NW,Sexual Orientation,,ADW
9/17/2014,1300-1510,09/17/14,2014,9,14142139,5D,1200 B/O Meigs Pl NE,Sexual Orientation,,Damage/Defacing/Destruction of Property
9/20/2014,0230-0317,09/20/14,2014,9,14143753,4D,3600 B/O 14th St NW,Gender Identity/Expression,,Simple Assault
9/21/2014,0040-0045,09/21/14,2014,9,14144376,2D,1000 B/O 25th St NW,Homelessness,,Simple Assault
10/3/2014,1320-1321,10/03/14,2014,10,14152172,6D,5100 B/O Nannie Helen Burroughs Ave NE,Sexual Orientation,,Threats
10/13/2014,2255-2345,10/13/14,2014,10,14157939,6D,2300 B/O Fairlawn Ave SE,Race,White,Damage/Defacing/Destruction of Property
10/16/2014,1906-1908,10/16/14,2014,10,14159610,2D,5200 B/O Loughboro Rd NW,Race,Black,Simple Assault
10/31/2014,2350-2359,11/01/14,2014,11,14169001,1D,7th St NW & G ST NW,Sexual Orientation,,Simple Assault
11/2/2014,1000,11/02/14,2014,11,14169801,1D,300 B/O G St SW,Race,White,Threats
11/2/2014,1727-1945,11/02/14,2014,11,14169959,7D,1600 B/O Good Hope Rd SE,Sexual Orientation,,Simple Assault
11/2/2014,2047,11/03/14,2014,11,14170617,3D,1100 B/O 7th St NW,Ethnicity/National Origin,Indian,Simple Assault
11/6/2014,1820-1830,11/03/14,2014,11,14172353,6D,900 B/O Division Ave NE,Sexual Orientation,,ADW
11/13/2014,1340-1509,11/13/14,2014,11,14176146,3D,1500 B/O Park Rd NW,Race,Unspecified,ADW
11/15/2014,0323-0330,11/15/14,2014,11,14177125,2D,1600 B/O K St NW,Sexual Orientation,,Simple Assault
1/11/2015,1700-1710,01/11/15,2015,1,15005239,5D,2300 B/O Washington Pl NE,Sexual Orientation,,Damage/Defacing/Destruction of Property
1/16/2015,1622-1628,01/16/15,2015,1,15007779,2D,3900 B/O Chesapeake St NW,Sexual Orientation,,Simple Assault
1/18/2015,1200-1220,01/18/15,2015,1,15008222,1D,300 B/O Indiana Ave NW,Sexual Orientation,,ADW
1/23/2015,1730-0930,01/24/15,2015,1,15011758,2D,3000 B/O Van Ness St NW,Race,Black,Damage/Defacing/Destruction of Property
2/5/2015,0230-0250,02/05/15,2015,2,15017703,7D,2900 B/O Martin Luther King Jr Ave SE,Gender Identity/Expression,,ADW
2/5/2015,1820-1821,02/05/15,2015,2,15018054,3D,3100 B/O 14th St NW,Gender Identity/Expression,,Simple Assault
2/13/2015,2100-1445,02/15/15,2015,2,15022921,2D,4800 B/O Connecticut Ave NW,Race,Black,Damage/Defacing/Destruction of Property
2/24/2015,2025-2026,02/24/15,2015,2,15026882,7D,2600 B/O Stanton Rd SE,Sexual Orientation,,Simple Assault
3/2/2015,1717-1913,03/02/15,2015,3,15029735,1D,4th St NW & K St NW,Race,Asian,ADW
3/13/2015,1548,03/14/15,2015,3,15035070,7D,1200 B/O Pleasant St SE,Gender Identity/Expression,,Robbery
3/19/2015,1350-1400,03/19/15,2015,3,15038284,2D,3100 B/O K St NW,Sexual Orientation,,Threats
3/22/2015,1315-1318,03/22/15,2015,3,15039950,2D,1100 B/O New Hampshire Ave NW,Sexual Orientation,,Simple Assault
3/26/2015,1058-1059,03/26/15,2015,3,15041990,1D,800 B/O Pennsylvania Ave SE,Sexual Orientation,,Simple Assault
3/31/2015,1230-1250,04/01/15,2015,4,15045344,2D,17th St NW & K St NW,Political Affiliation,,Theft
4/23/2015,1530-1532,04/23/15,2015,4,15057805,1D,600 B/O I St NW,Religion,Jewish,Threats
4/24/2015,2120,04/24/15,2015,4,15058585,2D,1200 B/O 20th St NW,Political Affiliation,,Arson
4/29/2015,2335-2345,05/02/15,2015,5,15062996,2D,20th ST NW & S St NW,Race,Black,Threats
5/12/2015,0500-0505,05/12/15,2015,5,15068440,2D,900 B/O G St NW,Gender Identity/Expression,,ADW
5/13/2015,0004-0015,05/13/15,2015,5,15069014,5D,Florida Ave NE & Holbrook St NE,Sexual Orientation,,Simple Assault
5/21/2015,2150-2155,05/21/15,2015,5,15074332,4D,400 B/O Riggs Rd NE,Race,White,ADW
5/23/2015,1707-1708,05/23/15,2015,5,15075484,2D,4600 B/O Wisconsin Ave NW,Race,Black,Simple Assault
6/7/2015,0243-0248,06/07/15,2015,6,15084337,5D,1800 B/O New York Ave NE,Sexual Orientation,,Simple Assault
6/12/2015,1520-1525,06/12/15,2015,6,15087650,6D,3700 B/O Hayes St NE,Sexual Orientation,,Simple Assault
6/13/2015,0430-0435,06/13/15,2015,6,15088054,2D,1100 B/O 18th St NW,Sexual Orientation,,Robbery
6/19/2015,1525-1530,06/19/15,2015,6,15092039,1D,1100 B/O H St NE,Sexual Orientation,,Simple Assault
6/19/2015,2010-2018,06/19/15,2015,6,15092142,1D,11th St SE & South Carolina Ave SE,Race,White,Simple Assault
6/18/2015,0200-0215,06/20/15,2015,6,15092667,7D,1100 B/O Howard Rd SE,Sexual Orientation,,Simple Assault
6/23/2015,2018-2020,06/23/15,2015,6,15094629,3D,2800 B/O Georgia Ave NW,Sexual Orientation,,Simple Assault
7/13/2015,0650-0652,07/13/15,2015,7,15106071,3D,2100 B/O 12th St NW,Race,Black,Simple Assault
7/12/2015,2100-2105,07/13/15,2015,7,15106302,3D,1300 B/O Columbia Rd NW,Sexual Orientation,,Threats
7/16/2015,1330-1347,07/16/15,2015,7,15108057,6D,3900 B/O Clay Pl NE,Sexual Orientation,,Robbery
7/18/2015,1625-1629,07/18/15,2015,7,15109441,2D,2100 B/O E St NW,Religion,Muslim,Damage/Defacing/Destruction of Property
7/26/2015,1010-1028,07/26/15,2015,7,15114333,2D,45th St NW & Massachusetts Ave NW,Race,Black,Damage/Defacing/Destruction of Property
8/7/2015,0119-0124,08/07/15,2015,8,15121520,2D,Potomac Ave NW & Prospect St NW,Sexual Orientation,,Simple Assault
8/15/2015,1345-1355,08/15/15,2015,8,15126726,1D,900 B/O 3rd St NW,Gender Identity/Expression,,Simple Assault
8/27/2015,1940-1952,08/27/15,2015,8,15134023,5D,1500 B/O Benning Rd NE,Gender Identity/Expression,,Threats
8/20/2015,0846-1838,08/31/15,2015,8,15136567,2D,3200 B/O Patterson St NW,Religion,Jewish,Damage/Defacing/Destruction of Property
9/1/2015,0630-0730,09/02/15,2015,9,15138024,6D,Unit B/O M St SW,Sexual Orientation,,Sexual Abuse
9/3/2015,1135-1200,09/03/15,2015,9,15138270,6D,4000 B/O Minnesota Ave NE,Sexual Orientation,,Threats
9/4/2015,1300-1335,09/04/15,2015,9,15138950,6D,3900 B/O Minnesota Ave NE,Sexual Orientation,,Threats
9/12/2015,2400-2403,09/12/15,2015,9,15143700,2D,900 B/O 25th St NW,Sexual Orientation,,Simple Assault
9/14/2015,1740-1745,09/14/15,2015,9,15145195,1D,400 B/O K St NW,Race,White,Simple Assault
9/15/2015,1319-1530,09/15/15,2015,9,15145619,1D,1900 B/O M St SE,Race,Black,Robbery
9/15/2015,1955-1958,09/15/15,2015,9,15145875,1D,1800 B/O Blk  East Capitol St NE,Race,White,Robbery
9/19/2015,2330-1930,09/23/15,2015,9,15150759,4D,3500 B/O 13th St NW,Sexual Orientation,,Damage/Defacing/Destruction of Property
9/25/2015,2237-2242,09/25/15,2015,9,15152168,5D,1100 B/O Owens Pl NE,Sexual Orientation,,Threats
10/1/2015,2225-2230,10/02/15,2015,10,15155750,3D,1100 B/O Blk of Harvard St NW,Sexual Orientation,,Robbery
10/8/2015,1134-1230,10/08/15,2015,10,15159566,2D,K St NW & Washington Cir NW,Religion,Muslim,ADW
10/8/2015,0500-1130,10/08/15,2015,10,15159716,1D,G St NW & Massachusetts Ave NW,Gender Identity/Expression,,Simple Assault
10/13/2015,0935-0951,10/13/15,2015,10,15162486,3D,2100 B/O 4th St NW,Gender Identity/Expression,,ADW
10/13/2015,1215-1216,10/13/15,2015,10,15162534,2D,20th ST NW & Q St NW,Race,Unspecified,Damage/Defacing/Destruction of Property
10/17/2015,0305-0310,10/17/15,2015,10,15164932,3D,Vermont Ave NW & U St NW,Race,Black,Simple Assault
10/21/2015,2100-2105,10/21/15,2015,10,15167760,7D,Unit B/O Galveston Pl SW,Sexual Orientation,,Robbery
10/23/2015,1640-1651,10/23/15,2015,10,15168831,1D,13th St NW & G ST NW,Sexual Orientation,,Simple Assault
11/1/2015,2245-2400,11/01/15,2015,11,15173860,1D,600 B/O F St NW,Gender Identity/Expression,,ADW
11/5/2015,1820-1828,11/05/15,2015,11,15176719,1D,7th St NW & Indiana Ave NW,Ethnicity/National Origin,Arab/Middle Eastern,Simple Assault
11/6/2015,1645-1655,11/06/15,2015,11,15177323,2D,1400 B/O L St NW,Race,Black,Threats
11/8/2015,1453-1500,11/08/15,2015,11,15178501,3D,800 B/O Blk of Florida Ave NW,Race,White,Robbery
11/11/2015,1928-1929,11/11/15,2015,11,15180337,3D,2400 B/O 6th St NW,Race,Black,Threats
11/30/2015,0226-0509,11/30/15,2015,11,15190805,1D,500 B/O G St NW,Gender Identity/Expression,,ADW
12/6/2015,1520-1645,12/06/15,2015,12,15194549,2D,5300 B/O Nevada Ave NW,Race,Black,Threats
12/5/2015,1733-1733,12/10/15,2015,12,15196534,1D,400 B/O New Jersey Ave NE,Religion,Muslim,Threats
12/10/2015,1214-1214,12/10/15,2015,12,15197337,5D,1400 B/O Staples St NE,Race,White,Threats
12/13/2015,0032-0126,12/13/15,2015,12,15198456,2D,1000 B/O Wisconsin Ave NW,Ethnicity/National Origin,Arab/Middle Eastern,Threats
12/17/2015,2328-2335,12/18/15,2015,12,15201404,3D,1100 B/O Blk U St NW,Sexual Orientation,,Simple Assault
12/19/2015,0230-0230,12/21/15,2015,12,15203495,2D,800 B/O Connecticut Ave NW,Ethnicity/National Origin,Latino/Hispanic,ADW
1/1/2016,0340-0350,01/01/16,2016,1,16000379,1D,1100 B/O 4th St SW,Sexual Orientation,,Simple Assault
1/12/2016,2000,01/12/16,2016,1,16006051,2D,3100 B/O M St NW,Ethnicity/National Origin,Unspecified,Simple Assault
1/16/2016,0001-0100,01/19/16,2016,1,16010086,2D,2100 B/O E St NW,Ethnicity/National Origin,Asian,Theft
1/19/2016,1930-1935,01/19/16,2016,1,16010112,1D,600 B/O F St NW,Gender Identity/Expression,,Threats
1/19/2016,0000,01/21/16,2016,1,16013182,6D,4300 B/O C St SE,Sexual Orientation,,Voyeurism
1/28/2016,0730-0800,01/28/16,2016,1,16013651,1D,600 B/O F St NW,Sexual Orientation,,Robbery
1/29/2016,0001,01/29/16,2016,1,16014543,3D,1300 B/O 7th St NW,Sexual Orientation,,Simple Assault
2/7/2016,2230-2235,02/09/16,2016,2,16020096,6D,5200 B/O E St SE,Gender Identity/Expression,,Simple Assault
2/13/2016,0340-0350,02/13/16,2016,2,16022306,2D,1900 B/O BLK R St NW,Ethnicity/National Origin,Latino/Hispanic,Robbery
2/25/2016,1200-12205,02/25/16,2016,2,16028747,2D,1800 B/O R St NW,Religion,Jewish,Damage/Defacing/Destruction of Property
2/26/2016,0819-0835,02/26/16,2016,2,16029135,1D,800 B/O 6th St NW,Race,Black,Simple Assault
3/6/2016,2200-2300,03/07/16,2016,3,16035192,1D,600 B/O Acker Pl NE,Sexual Orientation,,ADW
3/8/2016,1000,03/09/16,2016,3,16036050,2D,1500 B/O 16th St NW,Religion,Jewish,Damage/Defacing/Destruction of Property
3/14/2016,1800-1810,03/14/16,2016,3,16039294,3D,1500 B/O blk North Capitol ST NW,Race,White,Threats
3/15/2016,1708-1715,03/15/16,2016,3,16039876,5D,900 B/O Rhode Island Ave NE,Sexual Orientation,,Simple Assault
3/19/2016,2400-2404,03/19/16,2016,3,16041944,6D,4100 B/O blk East Capitol St NE,Ethnicity/National Origin,Latino/Hispanic,Robbery
3/22/2016,0940,03/22/16,2016,3,16043698,4D,900 B/O Crittenden St NW,Sexual Orientation,,Simple Assault
3/25/2016,1740,03/25/16,2016,3,16045961,3D,3100 B/O 14th St NW,Gender Identity/Expression,,Simple Assault
3/27/2016,2020,03/27/16,2016,3,16047246,2D,4300 B/O Wisconsin Ave NW,Ethnicity/National Origin,Latino/Hispanic,Threats
4/4/2016,1108-1120,04/04/16,2016,4,16051659,6D,6200 B/O Dix St NE,Gender Identity/Expression,,Simple Assault
4/4/2016,1745-1746,04/04/16,2016,4,16051894,6D,5000 B/O Hayes St NE,Sexual Orientation,,Threats
4/8/2016,0100-0144,04/08/16,2016,4,16053744,1D,600 B/O F St NW,Race,Black,Simple Assault
4/9/2016,0355,04/09/16,2016,4,16054512,5D,800 B/O Florida Ave NE,Religion,Jewish,Damage/Defacing/Destruction of Property
4/10/2016,0100-0115,04/10/16,2016,4,16054987,3D,2400 B/O 18th St NW,Sexual Orientation,,Simple Assault
4/15/2016,0914,04/15/16,2016,4,16058198,5D,800 B/O Florida Ave NE,Religion,Jewish,Damage/Defacing/Destruction of Property
4/21/2016,2239-2346,04/21/16,2016,4,16062591,2D,5500 B/O Conn Ave NW,Religion,Muslim,Simple Assault
4/21/2016,2330-2400,04/22/16,2016,4,16062767,4D,600 B/O Kenyon St NW,Religion,Muslim,Damage/Defacing/Destruction of Property
4/22/2016,1625-1628,04/22/16,2016,4,16063030,5D,1200 B/O Morse St NE,Race,Black,Simple Assault
4/24/2016,1041-1100,04/24/16,2016,4,16064153,4D,4200 B/O 2nd St NW,Sexual Orientation,,ADW
4/28/2016,0841-1100,04/28/16,2016,4,16066584,3D,2500 B/O 11th St NW,Sexual Orientation,,ADW
4/20/2016,1115,05/04/16,2016,5,16070040,4D,3800 B/O Georgia Ave NW,Sexual Orientation,,Threats
5/5/2016,2236,05/06/16,2016,5,16071328,3D,2100 B/O 4th St NW,Sexual Orientation,,ADW
5/6/2016,0042-0202,05/06/16,2016,5,16071395,4D,1400 B/O Tuckerman St NW,Race,Black,Simple Assault
5/13/2016,0456-0500,05/13/16,2016,5,16076125,3D,2000 B/O 14th St NW,Sexual Orientation,,Threats
5/14/2016,0240-0244,05/14/16,2016,5,16076517,5D,500 B/O L St NW,Gender Identity/Expression,,ADW
5/16/2016,1830-1840,05/16/16,2016,5,16078106,4D,300 B/O Missouri Ave NW,Ethnicity/National Origin,Latino/Hispanic,Threats
5/17/2016,1720-1730,05/17/16,2016,5,16078670,4D,3700 B/O Georgia Ave NW,Sexual Orientation,,Simple Assault
5/18/2016,1153-1154,05/18/16,2016,5,16079118,1D,300 B/O H St NW,Gender Identity/Expression,,Simple Assault
5/20/2016,1759-1800,05/20/16,2016,5,16080636,2D,4500 B/O Wisconsin Ave NW,Homelessness,,Simple Assault
5/28/2016,0000-1030,05/28/16,2016,5,16085736,2D,2000 B/O P St NW,Ethnicity/National Origin,Arab/Middle Eastern,Damage/Defacing/Destruction of Property
5/30/2016,1138,05/20/16,2016,5,16087712,2D,1600 B/O Connecticut Ave NW,Ethnicity/National Origin,Arab/Middle Eastern,Damage/Defacing/Destruction of Property
6/6/2016,1623,06/06/16,2016,6,16091695,6D,3900 B/O Benning Rd NE,Sexual Orientation,,Simple Assault
6/10/2016,0020,06/10/16,2016,6,16094095,7D,2300 B/O Green St SE,Sexual Orientation,,ADW
6/11/2016,1045,06/11/16,2016,6,16094964,3D,2400 B/O Sherman Ave NW,Race,Black,Simple Assault
6/13/2016,0400,06/13/16,2016,6,16096316,2D,2000 B/O S St NW,Sexual Orientation,,Damage/Defacing/Destruction of Property
6/14/2016,1730,06/14/16,2016,6,16097126,1D,900 B/O H St NW,Gender Identity/Expression,,Threats
6/15/2016,0726,06/15/16,2016,6,16097438,3D,1700 B/O 16th St NW,Religion,Jewish,Damage/Defacing/Destruction of Property
6/12/2016,0400,06/16/16,2016,6,16098404,3D,2300 B/O 18th St NW,Sexual Orientation,,Damage/Defacing/Destruction of Property
6/20/2016,1900,06/20/16,2016,6,16102041,3D,1500 B/O North Capitol St NW,Gender Identity/Expression,,Robbery
6/22/2016,2352,06/23/16,2016,6,16102589,2D,1800 B/O 18th St NW,Sexual Orientation,,ADW
6/23/2016,1730,06/23/16,2016,6,16103122,7D,1300 B/O Alabama Ave SE,Sexual Orientation,,Threats
6/23/2016,2000,06/23/16,2016,6,16103204,3D,400 B/O O St NW,Race,White,Threats
6/25/2016,2016,06/25/16,2016,6,16104355,2D,3100 B/O M St NW,Race,White,Simple Assault
6/25/2016,1946,06/25/16,2016,6,16104521,5D,800 B/O Bladensburg Rd NE,Sexual Orientation,,ADW
6/21/2016,2016,06/21/16,2016,6,16106888,3D,1600 B/O 17th St NW,Sexual Orientation,,Simple Assault
6/1/2016,1730-1732,07/06/16,2016,7,16111639,2D,2400 B/O Tracy Pl NW,Religion,Jewish,Damage/Defacing/Destruction of Property
7/6/2016,2015-2019,07/06/16,2016,7,16111756,2D,5200 B/O 42nd St NW,Race,White,Threats
7/8/2016,0333-0350,07/08/16,2016,7,16112589,7D,1500 B/O Alabama Ave SE,Sexual Orientation,,ADW
7/12/2016,1035-1050,07/12/16,2016,7,16115031,5D,1500 B/O Benning Rd NE,Gender Identity/Expression,,Threats
7/12/2016,2135-2150,07/13/16,2016,7,16115421,1D,600 B/O I St NW,Race,Black,Threats
7/14/2016,1630-1649,07/14/16,2016,7,16116491,3D,1100 B/O Rhode Island Ave NW,Sexual Orientation,,Simple Assault
7/17/2016,0020-0021,07/17/16,2016,7,16118067,3D,900 B/O U St NW,Race,Black,Simple Assault
7/17/2016,1930-1940,07/17/16,2016,7,16118491,4D,200 B/O Cedar St NW,Religion,Muslim,Threats
7/19/2016,0000-1710,07/23/16,2016,7,16119683,2D,1100 B/O 20th St NW,Religion,Jewish,Damage/Defacing/Destruction of Property
7/23/2016,1005-1010,07/23/16,2016,7,16122110,2D,3100 B/O 34th St NW,Ethnicity/National Origin,Unspecified,Threats
7/25/2016,2233-2343,07/26/16,2016,7,16123724,7D,2600 B/O Martin Luther King Ave SE,Sexual Orientation,,Threats
8/1/2016,1902-2017,08/01/16,2016,8,16128121,2D,2650 B/O Massachusetts Ave NW,Religion,Muslim,Threats
8/3/2016,0110-0700,08/03/16,2016,8,16129021,6D,100 B/O Division Ave NE,Sexual Orientation,,Threats
8/6/2016,0405,08/06/16,2016,8,16131000,7D,2400 B/O Alabama Ave SE,Ethnicity/National Origin,Latino/Hispanic,Robbery
8/21/2016,1800-2059,08/22/16,2016,8,16141289,1D,400 B/O 7th St NW,Religion,Jewish,Damage/Defacing/Destruction of Property
8/23/2016,0012-0013,08/23/16,2016,8,16141375,1D,600 B/O H St NW,Religion,Jewish,Damage/Defacing/Destruction of Property
8/25/2016,1234-1411,08/25/16,2016,8,16142973,6D,900 B/O Eastern Ave NW,Gender Identity/Expression,,Simple Assault
8/28/2016,0411-0503,08/28/16,2016,8,16144770,3D,3300 B/O 14th St NW,Gender Identity/Expression,,Simple Assault
9/6/2016,2250-2310,09/07/16,2016,9,16150940,4D,6900 B/O Georgia Ave NW,Ethnicity/National Origin,Latino/Hispanic,Simple Assault
9/14/2016,0045,09/14/16,2016,9,16155806,7D,900 B/O Blakney Lane SE,Gender Identity/Expression,,Threats
9/16/2016,1715,09/16/16,2016,9,16157283,1D,100 B/O 4th St SE,Disability,,Simple Assault
9/23/2016,2151-2215,09/23/16,2016,9,16162028,3D,400 B/O Florida Ave NW,Race,White,Simple Assault
9/24/2016,1000-1030,09/24/16,2016,9,16162304,2D,4800 B/O Massachusetts Ave NW,Religion,Jewish,Threats
9/26/2016,1853-1857,09/26/16,2016,9,16163918,2D,700 B/O 11th St NW,Sexual Orientation,,Threats
10/1/2016,1300-1720,10/03/16,2016,10,16168163,3D,1400 B/O Corcoran St NW,Race,Black,Damage/Defacing/Destruction of Property
10/5/2016,1145-1238,10/05/16,2016,10,16169200,5D,1500 B/O Maryland Ave NE,Gender Identity/Expression,,Simple Assault
10/7/2016,2030-2036,10/08/16,2016,10,16170819,7D,1600 B/O Morris Rd SE,Ethnicity/National Origin,Black/African,Threats
10/16/2016,0240-0320,10/16/16,2016,10,16175768,1D,3800 B/O 14th St NW,Gender Identity/Expression,,Simple Assault
10/16/2016,0306-0352,10/16/16,2016,10,16175772,3D,1900 B/O 8th St NW,Sexual Orientation,,Simple Assault
10/16/2016,1542-1642,10/16/16,2016,10,16176048,7D,1300 B/O Congress St SE,Gender Identity/Expression,,ADW
10/19/2016,0522-0525,10/19/16,2016,10,16177646,1D,800 B/O 7th St NE,Gender Identity/Expression,,Simple Assault
10/22/2016,0313,10/22/16,2016,10,16179656,2D,2300 B/O Wisconsin Ave NW,Sexual Orientation,,Simple Assault
10/23/2016,1714-1821,10/23/16,2016,10,16180630,1D,Unit B/O Massachusetts Ave NE,Sexual Orientation,,ADW
10/22/2016,0300-1057,10/24/16,2016,10,16181036,2D,2100 B/O S St NW,Sexual Orientation,,Threats
10/30/2016,0151-0345,10/30/16,2016,10,16184816,3D,600 B/O Florida Ave NW,Sexual Orientation,,Simple Assault
10/31/2016,2246,11/01/16,2016,11,16186020,2D,4300 B/O Prospect St NW,Sexual Orientation,,Robbery
11/4/2016,1745,11/04/16,2016,11,16188074,3D,2500 B/O 9th St NW,Ethnicity/National Origin,Latino/Hispanic,Threats
11/4/2016,1551,11/04/16,2016,11,16188276,3D,1500 B/O 4th St NW,Gender Identity/Expression,,ADW
11/5/2016,2000-1059,11/06/16,2016,11,16189410,2D,1400 B/O Foxhall Rd NW,Political Affiliation,,Damage/Defacing/Destruction of Property
11/7/2016,2040,11/07/16,2016,11,16190338,4D,3700 B/O Georgia Ave NW,Gender Identity/Expression,,Simple Assault
11/12/2016,0000-1030,11/13/16,2016,11,16193410,2D,2900 B/O Bellevue Ter NW,Religion,Jewish,Damage/Defacing/Destruction of Property
11/13/2016,0105,11/17/16,2016,11,16195957,2D,3700 B/O O St NW,Religion,Muslim,Simple Assault
11/18/2016,0215,11/18/16,2016,11,16196212,2D,1900 B/O M St NW,Political Affiliation,,ADW
11/19/2016,0409,11/19/16,2016,11,16196907,3D,700 B/O Florida Ave NW,Sexual Orientation,,ADW
11/20/2016,0545-0630,11/20/16,2016,11,16197526,4D,3800 B/O Georgia Ave NW,Sexual Orientation,,Simple Assault
11/28/2016,1910,11/28/16,2016,11,16202012,6D,5300 B/O Dix St NE,Sexual Orientation,,Simple Assault
12/9/2016,1130,12/09/16,2016,12,16208137,7D,3300 B/O 10th Pl SE,Sexual Orientation,,Simple Assault
12/17/2016,0152,12/17/16,2016,12,16212622,2D,1200 B/O 24th St NW,Religion,Christian,Simple Assault
12/17/2016,2015,12/17/16,2016,12,16213049,1D,600 B/O H St NW,Gender Identity/Expression,,Simple Assault
12/17/2016,2041,12/17/16,2016,12,16213056,1D,540 B/O L St NW,Sexual Orientation,,Threats
7/25/2016,1830-1835,07/26/16,2016,7,16214281,5D,1900 B/O 13th St NW,Sexual Orientation,,ADW
1/5/2017,1533,01/06/17,2017,1,17003228,7D,3400 B/O 4th ST SE,Sexual Orientation,,Threats
1/15/2017,1812,01/15/17,2017,1,17008389,1D,700 B/O 7th St NW,Political Affiliation,,Simple Assault
1/17/2017,1340,01/17/17,2017,1,17009376,2D,3800 B/O Reservoir Rd NW,Race,Black,ADW
1/21/2017,0050,01/21/17,2017,1,17011418,3D,1700 B/O New Hampshire Ave NW,Religion,Jewish,Simple Assault
1/21/2017,0253,01/21/17,2017,1,17011454,5D,2200 B/O Douglas St NE,Political Affiliation,,Damage/Defacing/Destruction of Property
1/26/2017,0703,01/26/17,2017,1,17014388,6D,1700 B/O R St SE,Gender Identity/Expression,,ADW
1/27/2017,0300,01/27/17,2017,1,17014929,2D,1700 B/O Massachusetts Ave NW,Religion,Jewish,Damage/Defacing/Destruction of Property
1/29/2017,0300,01/29/17,2017,1,17016247,2D,1700 B/O N St NW,Political Affiliation,,ADW
2/4/2017,1900,02/04/17,2017,2,17020132,3D,1300 B/O Vermont Ave NW,Sexual Orientation,,ADW
2/6/2017,1700,02/07/17,2017,2,17021479,2D,2800 B/O Wisconsin Ave NW,Religion,Jewish,Threats
2/17/2017,0225,02/17/17,2017,2,17027193,3D,2400 B/O 18th St NW,Race,Black,Simple Assault
2/18/2017,0025,02/18/17,2017,2,17027720,3D,1800 B/O Columbia Rd NW,Ethnicity/National Origin,Black/African,Threats
2/3/2017,1100,02/20/17,2017,2,17029252,1D,500 B/O Indiana Ave NW,Sexual Orientation,,Simple Assault
2/18/2017,0948,02/21/17,2017,2,17029569,2D,2800 B/O Wisconsin Ave NW,Religion,Jewish,Threats
2/21/2017,1500,02/21/17,2017,2,17029776,7D,3300 B/O 6th St SE,Sexual Orientation,,Damage/Defacing/Destruction of Property
2/22/2017,1820,02/23/17,2017,2,17031021,2D,600 B/O 15th St NW,Sexual Orientation,,Simple Assault
2/28/2017,1555,02/28/17,2017,2,17033942,4D,400 B/O Shepherd St NW,Ethnicity/National Origin,Latino/Hispanic,Simple Assault
2/23/2017,1326,03/03/17,2017,3,17035641,2D,2100 B/O G St NW,Political Affiliation,,Damage/Defacing/Destruction of Property
3/3/2017,1705,03/03/17,2017,3,17035857,2D,3000 B/O M St NW,Race,White,Threats
2/17/2017,2200,03/08/17,2017,3,17038173,2D,1300 B/O New Hampshire Ave NW,Ethnicity/National Origin,Latino/Hispanic,Simple Assault
3/8/2017,1625,03/08/17,2017,3,17038694,6D,200 B/O 57th St NE,Gender Identity/Expression,,Threats
3/9/2017,1650,03/09/17,2017,3,17039367,4D,3800 B/O Georgia Ave NW,Gender Identity/Expression,,Threats
3/12/2017,1400,03/12/17,2017,3,17040976,3D,2800 B/O Georgia Ave NW,Gender Identity/Expression,,Damage/Defacing/Destruction of Property
3/13/2017,2115,03/14/17,2017,3,17041805,1D,400 B/O New Jersey Ave NW,Ethnicity/National Origin,Asian,Damage/Defacing/Destruction of Property
3/16/2017,0200,03/16/17,2017,3,17043129,3D,1600 B/O R St NW,Sexual Orientation,,ADW
3/19/2017,1509,03/20/17,2017,3,17044818,7D,Unit B/O Galveston ST SW,Sexual Orientation,,Threats
3/20/2017,2302,03/20/17,2017,3,17045690,5D,1100 B/O Mount Olivet Rd NE,Gender Identity/Expression,,Simple Assault
3/21/2017,1830,03/20/17,2017,3,17046194,3D,1900 B/O 2nd ST NW,Race,Black,Simple Assault
3/25/2017,0505,03/25/17,2017,3,17048410,3D,1300 B/O R St NW,Sexual Orientation,,Simple Assault
3/26/2017,1416,03/26/17,2017,3,17049191,3D,800 B/O Mount Vernon Pl NW,Ethnicity/National Origin,Arab/Middle Eastern,ADW
4/1/2017,1732,04/02/17,2017,4,17053072,6D,4500 B/O Foote St NE,Race,White,Threats
3/29/2017,1427,04/03/17,2017,4,17054100,2D,2800 B/O Wisconsin Ave NW,Religion,Jewish,Stalking
4/8/2017,1930,04/09/17,2017,4,17057623,4D,1300 B/O Perry Pl NW,Gender Identity/Expression,,ADW
4/11/2017,1328,04/11/17,2017,4,17059244,2D,900 B/O E St NW,Gender Identity/Expression,,Threats
4/16/2017,0057,04/16/17,2017,4,17062233,2D,Unit B/O Dupont Cir NW,Ethnicity/National Origin,Arab/Middle Eastern or Jewish,Threats
4/15/2017,1600,04/16/17,2017,4,17062506,5D,1300 B/O Florida Ave NE,Gender Identity/Expression,,Simple Assault
4/22/2017,2308,04/23/17,2017,4,17066470,6D,3900 B/O Minnesota Ave NE,Sexual Orientation,,Simple Assault
4/23/2017,0203,04/23/17,2017,4,17066548,1D,500 B/O F St NW,Race,Black,Simple Assault
4/24/2017,0934,04/24/17,2017,4,17067226,3D,1400 B/O Belmont St NW,Ethnicity/National Origin,Latino/Hispanic,Simple Assault
4/26/2017,1300,04/26/17,2017,4,17068605,7D,3400 B/O 4th St SE,Sexual Orientation,,Simple Assault
4/29/2017,0013,04/29/17,2017,4,17070472,3D,2300 B/O Sherman Ave NW,Sexual Orientation,,Robbery
4/29/2017,0437,04/29/17,2017,4,17070607,4D,4600 B/O Georgia Ave NW,Sexual Orientation,,ADW
5/1/2017,0009,05/01/17,2017,5,17071780,3D,1400 B/O Irving St NW,Sexual Orientation,,Simple Assault
5/6/2017,2330,05/07/17,2017,5,17075821,5D,700 B/O Monroe St NE,Sexual Orientation,,ADW
5/5/2017,2300,05/07/17,2017,5,17075921,3D,1800 B/O Kenyon St NW,Race,Black,Damage/Defacing/Destruction of Property
4/14/2017,0900,05/07/17,2017,5,17076185,4D,4900 B/O 7th Pl NE,Political Affiliation,,Damage/Defacing/Destruction of Property
5/7/2017,1239,05/08/17,2017,5,17076502,4D,6000 B/O 16th St NW,Religion,Jewish,Threats
5/8/2017,2117,05/09/17,2017,5,17077409,2D,1200 B/O 23rd St NW,Sexual Orientation,,Threats
5/13/2017,0156,05/13/17,2017,5,17079789,1D,1800 B/O Half St SW,Ethnicity/National Origin,Arab/Middle Eastern,Damage/Defacing/Destruction of Property
5/13/2017,0935,05/13/17,2017,5,17079893,4D,800 B/O Quincy St NW,Gender Identity/Expression,,Threats
5/14/2017,1835,05/14/17,2017,5,17080746,4D,3000 B/O Georgia Ave NW,Sexual Orientation,,Simple Assault
5/29/2017,1350,05/29/17,2017,5,17090505,4D,3900 B/O Georgia Ave NW,Race,Black,Threats
5/29/2017,2024,05/30/17,2017,5,17091019,2D,2800 B/O Quebec St NW,Religion,Jewish,Threats
6/1/2017,1701,06/01/17,2017,6,17092794,6D,2100 B/O 36th Pl SE,Race,Black,Displaying Symbols
6/2/2017,0901,06/02/17,2017,6,17093183,3D,700 B/O Gresham Pl NW,Sexual Orientation,,Simple Assault
6/3/2017,1815,06/03/17,2017,6,17094255,4D,3400 B/O Georgia Ave NW,Ethnicity/National Origin,Latino/Hispanic,ADW
6/7/2017,1755,06/07/17,2017,6,17096778,3D,1600 B/O V St NW,Sexual Orientation,,Damage/Defacing/Destruction of Property
6/12/2017,2230,06/12/17,2017,6,17099546,2D,1000 B/O Massachusetts Ave NW,Race,Black,Simple Assault
6/5/2017,1930,06/12/17,2017,6,17099918,5D,1600 B/O Montana Ave NE,Sexual Orientation,,Cruelty to Children
6/14/2017,1844,06/14/17,2017,6,17101364,5D,800 B/O Florida Ave NE,Race,Black,Damage/Defacing/Destruction of Property
6/15/2017,1151,06/15/17,2017,6,17101718,7D,3100 B/O Martin Luther King Jr Ave SE,Race,Black,Displaying Symbols
6/15/2017,0900,06/15/17,2017,6,17101745,3D,1400 B/O V St NW,Race,Black,Displaying Symbols
6/14/2017,1330,06/16/17,2017,6,17102380,3D,1400 B/O V St NW,Race,Black,Displaying Symbols
6/16/2017,1824,06/16/17,2017,6,17102708,5D,1800 B/O Kendall St NE,Race,Black,Simple Assault
6/17/2017,2156,06/17/17,2017,6,17103427,7D,3400 B/O 23rd St SE,Race,Black,Displaying Symbols
6/18/2017,0139,06/18/17,2017,6,17103557,3D,900 B/O U St NW,Race,Black,Simple Assault
6/18/2017,1952,06/18/17,2017,6,17103962,2D,1800 B/O 23rd St NW,Ethnicity/National Origin,Jewish,Displaying Symbols
6/20/2017,0732,06/24/17,2017,6,17104837,2D,3800 B/O Connecticut Ave NW,Religion,Jewish,Displaying Symbols
6/20/2017,1600,06/20/17,2017,6,17105164,5D,3100 B/O Fort Lincoln Dr NE,Race,Black,Displaying Symbols
6/20/2017,2200,06/22/17,2017,6,17106346,3D,1600 B/O R St NW,Sexual Orientation,,Simple Assault
7/3/2017,2354,07/04/17,2017,7,17113893,2D,1500 B/O 17th St NW,Sexual Orientation,,Threats
3/1/2017,1700,07/07/17,2017,7,17116110,4D,400 B/O Hamilton St NW,Race,Black,Damage/Defacing/Destruction of Property
7/7/2017,2035,07/07/17,2017,7,17116470,2D,Central Ave SE & Southern Ave SE,Sexual Orientation,,ADW
7/9/2017,0001,07/09/17,2017,7,17117228,3D,200 B/O Q St NW,Sexual Orientation,,Threats
7/17/2017,1450,07/17/17,2017,7,17122588,2D,4600 B/O 41st ST NW,Race,White,Damage/Defacing/Destruction of Property
7/16/2017,0245,07/17/17,2017,7,17122902,5D,2100 B/O Queens Chapel Rd NE,Sexual Orientation,,ADW
7/20/2017,0142,07/20/17,2017,7,17124356,4D,6700 B/O Georgia Ave NW,Race,Black,Threats
7/20/2017,1030,07/20/17,2017,7,17124531,1D,900 B/O Constitution Ave NE,Ethnicity/National Origin,Latino/Hispanic,Simple Assault
7/20/2017,2138,07/21/17,2017,7,17124884,4D,6100 B/O 16th St NW,Ethnicity/National Origin,Black/African,Simple Assault
7/21/2017,2100,07/24/17,2017,7,17127017,6D,4000 B/O Minnesota Ave NE,Sexual Orientation,,Simple Assault
7/23/2017,0900,07/25/17,2017,7,17127019,6D,4000 B/O Minnesota Ave NE,Sexual Orientation,,Threats
7/27/2017,1956,07/27/17,2017,7,17129123,2D,600 B/O 13th ST NW,Sexual Orientation,,Threats
7/29/2017,1838,07/29/17,2017,7,17130253,2D,1200 B/O New Hampshire Ave NW,Political Affiliation,,ADW
7/30/2017,2339,07/31/17,2017,7,17131013,2D,1200 B/O 18th ST NW,Sexual Orientation,,ADW
8/2/2017,2030,08/02/17,2017,8,17132873,1D,400 B/O Massachusetts Ave NW,Ethnicity/National Origin,Jewish,Damage/Defacing/Destruction of Property
8/3/2017,1000,08/03/17,2017,8,17133148,2D,1700 B/O New York Ave NW,Ethnicity/National Origin,Jewish,Threats
8/5/2017,1908,08/05/17,2017,8,17134640,3D,1200 B/O U St NW,Race,Black,Threats
8/6/2017,0407,08/06/17,2017,8,17134934,2D,1500 B/O 21st ST NW,Race,White,Robbery
8/6/2017,1414,08/06/17,2017,8,17135081,4D,1500 B/O Newton St NW,Sexual Orientation,,Threats
8/12/2017,0343,08/12/17,2017,8,17138668,2D,1800 B/O I St NW,Sexual Orientation,,ADW
8/14/2017,0858,08/14/17,2017,8,17139860,5D,1600 B/O Gales St NE,Sexual Orientation,,Damage/Defacing/Destruction of Property
8/15/2017,2259,08/16/17,2017,8,17141006,1D,100 B/O I St SE,Race,Black,Simple Assault
8/16/2017,0700,08/16/17,2017,8,17141306,2D,1700 B/O 38th ST NW,Ethnicity/National Origin,Jewish,Damage/Defacing/Destruction of Property
8/17/2017,2000,08/18/17,2017,8,17142495,3D,1700 B/O Columbia Rd NW,Race,Black,Damage/Defacing/Destruction of Property
8/18/2017,0950,08/18/17,2017,8,17142554,4D,3500 B/O Georgia Ave NW,Ethnicity/National Origin,Jewish,Damage/Defacing/Destruction of Property
8/24/2017,0900,08/24/17,2017,8,17146354,1D,1200 B/O South Capitol ST SE,Race,Black,Displaying Symbols
8/25/2017,0557,08/25/17,2017,8,17146816,1D,700 B/O 8th St NW,Race,Black,Damage/Defacing/Destruction of Property
8/28/2017,1413,08/28/17,2017,8,17148856,2D,900 B/O 16th ST NW,Race,White,ADW
8/30/2017,0740,08/30/17,2017,8,17149831,3D,Unit B/O O St NW,Gender Identity/Expression,,Threats
8/27/2017,0043,08/30/17,2017,8,17150165,2D,1400 B/O New York Ave NW,Political Affiliation,,Threats
9/3/2017,0220,09/03/17,2017,9,17152445,1D,700 B/O 8th St NW,Race,Black,Damage/Defacing/Destruction of Property
9/6/2017,1200,09/07/17,2017,9,17154874,1D,1500 B/O C ST SE,Ethnicity/National Origin,Jewish,Displaying Symbols
9/9/2017,0234,09/09/17,2017,9,17156097,3D,1000 B/O U St NW,Sexual Orientation,,Simple Assault
9/10/2017,0315,09/10/17,2017,9,17156744,3D,1900 B/O 9th St NW,Race,Black,Threats
9/11/2017,1458,09/11/17,2017,9,17157558,7D,200 B/O Elmira St SW,Sexual Orientation,,Threats
9/11/2017,1720,09/11/17,2017,9,17157628,1D,400 B/O 2nd St NW,Political Affiliation,,Damage/Defacing/Destruction of Property
11/15/2016,0000,09/11/17,2017,9,17157715,4D,1400 B/O Juniper St NW,Religion,Jewish,Displaying Symbols
9/13/2017,0224,09/13/17,2017,9,17158561,2D,1100 B/O Connecticut Ave NW,Political Affiliation,,Robbery
9/15/2017,1230,09/15/17,2017,9,17160176,1D,Unit B/O H St NW,Disability,,Simple Assault
9/16/2017,1812,09/16/17,2017,9,17160966,1D,1500 B/O 2nd St NW,Sexual Orientation,,ADW
9/17/2017,0213,09/17/17,2017,9,17161210,3D,2300 B/O Georgia Ave NW,Sexual Orientation,,Simple Assault
9/11/2017,0000,09/18/17,2017,9,17161775,2D,Unit B/O Washington Cir NW,Ethnicity/National Origin,Jewish,Displaying Symbols
9/19/2017,1200,09/20/17,2017,9,17163474,1D,200 B/O H St NW,Ethnicity/National Origin,Jewish,Damage/Defacing/Destruction of Property
9/21/2017,0700,09/21/17,2017,9,17163970,2D,1600 B/O Rhode Island Ave NW,Sexual Orientation,,Threats
9/21/2017,1400,09/22/17,2017,9,17164646,3D,1700 B/O Florida Ave NW,Race,Black,Threats
9/20/2017,1900,09/22/17,2017,9,17164786,3D,1600 B/O 16th ST NW,Political Affiliation,,Damage/Defacing/Destruction of Property
9/24/2017,1843,09/24/17,2017,9,17166173,2D,3300 B/O Water St NW,Race,Black,Threats
9/26/2017,1642,09/26/17,2017,9,17167395,2D,2600 B/O Connecticut Ave NW,Ethnicity/National Origin,Latino/Hispanic,Simple Assault
9/26/2017,1700,09/27/17,2017,9,17167710,4D,5400 B/O 3rd St NW,Race,Black,Damage/Defacing/Destruction of Property
9/29/2017,0000,09/30/17,2017,9,17169500,2D,3700 B/O O St NW,Race,Black,Displaying Symbols
10/1/2017,1105,10/01/17,2017,10,17170303,7D,900 B/O Southern Ave SE,Ethnicity/National Origin,Latino/Hispanic,Simple Assault
10/5/2017,1918,10/05/17,2017,10,17172974,5D,900 B/O Hamlin ST NE,Sexual Orientation,,Threats
10/5/2017,2356,10/05/17,2017,10,17173088,7D,2900 B/O Martin Luther King Jr Ave SE,Sexual Orientation,,Simple Assault
10/6/2017,0234,10/06/17,2017,10,17173128,3D,1600 B/O Riggs Pl NW,Sexual Orientation,,Simple Assault
10/6/2017,1500,10/06/17,2017,10,17173404,3D,2800 B/O Georgia Ave NW,Gender Identity/Expression,,Threats
10/7/2017,1145,10/07/17,2017,10,17173927,2D,Unit B/O Dupont Cir NW,Gender Identity/Expression,,Simple Assault
10/10/2017,0858,10/10/17,2017,10,17175573,7D,900 B/O Varney ST SE,Sexual Orientation,,Simple Assault
10/9/2017,2100,10/09/17,2017,10,17175645,4D,600 B/O Irving ST NW,Religion,Jewish,Damage/Defacing/Destruction of Property
10/11/2017,1604,10/11/17,2017,10,17176473,3D,2200 B/O 4th ST NW,Race,White,Threats
10/14/2017,1341,10/14/17,2017,10,17178328,2D,1300 B/O G ST NW,Ethnicity/National Origin,Non-European,Damage/Defacing/Destruction of Property
10/16/2017,1408,10/16/17,2017,10,17179503,3D,500 B/O W St NW,Religion,Jewish,Damage/Defacing/Destruction of Property
10/20/2017,0134,10/20/17,2017,10,17181773,6D,1800 B/O 28th St SE,Sexual Orientation,,Simple Assault
10/20/2017,0507,10/20/17,2017,10,17181830,5D,2100 B/O Queens Chapel Rd NE,Race,White,ADW
10/22/2017,1841,10/22/17,2017,10,17183499,2D,Theodore Roosevelt Bridge,Ethnicity/National Origin,Jewish,Damage/Defacing/Destruction of Property
10/23/2017,2228,10/23/17,2017,10,17184336,7D,4200 B/O 4th ST SE,Sexual Orientation,,Threats
10/24/2017,0854,10/24/17,2017,10,17184502,1D,1400 B/O C St SE,Sexual Orientation,,Threats
10/24/2017,1244,10/24/17,2017,10,17184552,2D,1100 B/O Vermont Ave NW,Sexual Orientation,,Simple Assault
10/28/2017,2230,10/28/17,2017,10,17187517,1D,1300 B/O Potomac Ave SE,Sexual Orientation,,Damage/Defacing/Destruction of Property
10/29/2017,0248,10/29/17,2017,10,17187653,2D,1400 B/O I ST NW,Ethnicity/National Origin,Arab/Middle Eastern,Simple Assault
10/30/2017,2126,10/30/17,2017,10,17188581,4D,600 B/O Newton St NW,Ethnicity/National Origin,Latino/Hispanic,Robbery
10/31/2017,1730,11/01/17,2017,11,17189828,2D,2400 B/O Pennsylvania Ave NW,Ethnicity/National Origin,Jewish,Damage/Defacing/Destruction of Property
11/2/2017,1315,11/02/17,2017,11,17190338,2D,1000 B/O Wisconsin Ave NW,Race,Black,ADW
11/5/2017,0040,11/05/17,2017,11,17191866,3D,Unit B/O Rhode Island Ave NW,Sexual Orientation,,Threats
11/5/2017,0100,11/05/17,2017,11,17191903,4D,4400 B/O South Dakota Ave NE,Ethnicity/National Origin,Black/African,ADW
11/5/2017,1225,11/06/17,2017,11,17192094,2D,2600 B/O Virginia Ave NW,Race,Black,Damage/Defacing/Destruction of Property
11/5/2017,1700,11/06/17,2017,11,17192415,7D,4600 B/O Martin Luther King Jr Ave SW,Sexual Orientation,,Damage/Defacing/Destruction of Property
11/11/2017,2300,11/12/17,2017,11,17195967,1D,700 B/O Pennsylvania Ave SE,Sexual Orientation,,Threats
11/14/2017,1341,11/14/17,2017,11,17197293,2D,1300 B/O 14th ST NW,Sexual Orientation,,Robbery
11/15/2017,1711,11/15/17,2017,11,17198032,1D,600 B/O New Jersey Ave NW,Ethnicity/National Origin,Jewish,Damage/Defacing/Destruction of Property
11/19/2017,0318,11/19/17,2017,11,17200228,3D,1600 B/O R St NW,Sexual Orientation,,Simple Assault
11/20/2017,0051,11/20/17,2017,11,17200709,3D,900 B/O U St NW,Sexual Orientation,,ADW
11/21/2017,0940,11/21/17,2017,11,17201401,1D,200 B/O K St NW,Ethnicity/National Origin,Jewish,Damage/Defacing/Destruction of Property
11/22/2017,1840,11/22/17,2017,11,17202404,1D,800 B/O 7th ST NW,Ethnicity/National Origin,Jewish,Damage/Defacing/Destruction of Property
11/23/2017,0830,11/24/17,2017,11,17203063,2D,1400 B/O 26th St NW,Ethnicity/National Origin,Jewish,Damage/Defacing/Destruction of Property
11/23/2017,2230,11/24/17,2017,11,17203090,2D,2300 B/O 40th Pl NW,Race,Black,Damage/Defacing/Destruction of Property
11/24/2017,1947,11/24/17,2017,11,17203324,3D,1500 B/O 9th St NW,Ethnicity/National Origin,Arab/Middle Eastern,Simple Assault
11/26/2017,0855,11/26/17,2017,11,17204180,1D,400 B/O Massachusetts Ave NW,Ethnicity/National Origin,Jewish,Damage/Defacing/Destruction of Property
11/26/2017,1348,11/26/17,2017,11,17204268,1D,500 B/O I St NW,Ethnicity/National Origin,Jewish,Damage/Defacing/Destruction of Property
11/27/2017,1041,11/27/17,2017,11,17204700,1D,900 B/O 7th St NW,Ethnicity/National Origin,Jewish,Damage/Defacing/Destruction of Property
11/27/2017,1354,11/27/17,2017,11,17204853,2D,1300 B/O 14th ST NW,Race,White,Threats
11/29/2017,1731,11/29/17,2017,11,17206400,2D,900 B/O Massachusetts Ave NW,Race,Black,Damage/Defacing/Destruction of Property
11/29/2017,2224,11/29/17,2017,11,17206420,7D,2700 B/O Bruce Pl SE,Gender Identity/Expression,,Robbery
11/23/2017,1500,11/30/17,2017,11,17206791,1D,500 B/O H St NW,Ethnicity/National Origin,Jewish,Damage/Defacing/Destruction of Property
12/2/2017,0544,12/02/17,2017,12,17207852,6D,100 B/O 46th Pl NE,Sexual Orientation,,Simple Assault
12/2/2017,1254,12/02/17,2017,12,17207984,5D,900 B/O Rhode Island Ave NE,Ethnicity/National Origin,Unspecified,Simple Assault
12/6/2017,2340,12/07/17,2017,12,17210790,5D,1700 B/O North Capitol St NE,Race,Black,ADW
12/7/2017,1950,12/07/17,2017,12,17211297,1D,300 B/O Pennsylvania Ave SE,Race,Black,Simple Assault
12/12/2017,1912,12/12/17,2017,12,17214121,1D,400 B/O 2nd St NW,Ethnicity/National Origin,Jewish,Damage/Defacing/Destruction of Property
12/14/2017,2316,12/13/17,2017,12,17215419,3D,3000 B/O 14th ST NW,Sexual Orientation,,ADW
12/17/2017,0940,12/17/17,2017,12,17217042,2D,1200 B/O 34th St NW,Race,Black,Damage/Defacing/Destruction of Property
12/23/2017,1300,12/23/17,2017,12,17220499,1D,200 B/O 13th ST NE,Race,Black,Damage/Defacing/Destruction of Property
12/23/2017,1600,12/23/17,2017,12,17220567,4D,1600 B/O Kalmia RD NW,Race,Black,Threats
12/27/2017,1155,12/27/17,2017,12,17222129,1D,1000 B/O K St NW,Ethnicity/National Origin,Jewish,Damage/Defacing/Destruction of Property
12/27/2017,2140,12/27/17,2017,12,17222427,1D,1100 B/O Pennsylvania Ave SE,Ethnicity/National Origin,Arab/Middle Eastern,ADW
12/22/2017,2100,12/28/17,2017,12,17222599,1D,600 B/O Water St SW,Sexual Orientation,,Simple Assault
12/4/2017,0224,12/28/17,2017,12,17222665,3D,1300 B/O 14th ST NW,Sexual Orientation,,Stalking
12/30/2017,1610,12/30/17,2017,12,17223754,6D,2000 B/O 38th ST SE,Race,Black,Damage/Defacing/Destruction of Property
12/31/2017,1400,01/13/18,2018,1,18006370,7D,1300 B/O Southern Ave SE,Gender Identity/Expression,,Sexual Abuse
1/17/2018,1903,01/17/18,2018,1,18009204,5D,1400 B/O Staples St NE,Ethnicity/National Origin,Latino/Hispanic,Simple Assault
1/18/2018,1838,01/18/18,2018,1,18009754,7D,300 B/O Livingston Ter SE,Gender Identity/Expression,,Simple Assault
1/19/2018,0446,01/19/18,2018,1,18009995,3D,3100 B/O 14th St NW,Sexual Orientation,,Simple Assault
1/19/2018,1202,01/19/18,2018,1,18010118,3D,1100 B/O Rhode Island Ave NW,Sexual Orientation,,Damage/Defacing/Destruction of Property
1/20/2018,0258,01/20/18,2018,1,18010652,2D,700 B/O 11th St NW,Sexual Orientation,,Simple Assault
1/21/2018,0222,01/21/18,2018,1,18011228,1D,800 B/O 7th St NW,Race,Black,Displaying Symbols
1/28/2018,2004,01/28/18,2018,1,18015847,5D,1500 B/O Isherwood St NE,Sexual Orientation,,ADW
1/29/2018,1632,01/29/18,2018,1,18016303,2D,2600 B/O Connecticut Ave NW,Race,White,Simple Assault
1/31/2018,1816,02/01/18,2018,2,18017482,7D,3200 B/O Stanton Rd SE,Race,White,ADW
2/2/2018,1330,02/02/18,2018,2,18018660,6D,3700 B/O Minnesota Ave NE,Gender Identity/Expression,,ADW
2/3/2018,0203,02/03/18,2018,2,18018893,5D,1800 B/O New York Ave NE,Sexual Orientation,,ADW
2/11/2018,1634,02/11/18,2018,2,18023621,2D,1300 B/O Connecticut Ave NW,Sexual Orientation,,Threats
2/14/2018,0710,02/14/18,2018,2,18025351,5D,1400 B/O Okie St NE,Sexual Orientation,,Threats
2/17/2018,2323,02/18/18,2018,2,18027375,5D,2800 B/O 12th St NE,Ethnicity/National Origin,Asian,Simple Assault
2/20/2018,1245,02/18/18,2018,2,18028707,3D,900 B/O Massachusetts Ave NW,Gender Identity/Expression,,Simple Assault
2/22/2018,1240,02/22/18,2018,2,18030040,5D,1200 B/O 5th St NE,Sexual Orientation,,ADW
2/24/2018,1515,02/24/18,2018,2,18031276,1D,100 B/O L St NW,Gender Identity/Expression,,Simple Assault
2/25/2018,1826,02/25/18,2018,2,18031870,2D,1600 B/O 35th St NW,Ethnicity/National Origin,Jewish,Damage/Defacing/Destruction of Property
3/4/2018,0352,03/04/18,2018,3,18035701,5D,200 B/O K St NE,Gender Identity/Expression,,Simple Assault
3/4/2018,0345,03/04/18,2018,3,18035702,5D,2200 B/O New York Ave NE,Ethnicity/National Origin,Arab/Middle Eastern,Simple Assault
3/4/2018,1553,03/04/18,2018,3,18035915,3D,1700 B/O U St NW,Sexual Orientation,,Simple Assault
3/6/2018,1230,03/07/18,2018,3,18037412,1D,400 B/O M St SE,Gender Identity/Expression,,Threats
3/2/2018,2100,03/07/18,2018,3,18037611,2D,2400 B/O M St NW,Religion,Jewish,Theft
3/1/2018,0100,03/10/18,2018,3,18039188,2D,4200 B/O Massachusetts Ave NW,Sexual Orientation,,Threats
3/16/2018,0100,03/16/18,2018,3,18042460,2D,1800 B/O N St NW,Political Affiliation,,ADW
3/16/2018,0001,03/16/18,2018,3,18042877,1D,200 B/O 13th St NE,Race,Black,Damage/Defacing/Destruction of Property
3/20/2018,1309,03/20/18,2018,3,18044954,1D,1100 B/O 4th ST SW,Race,Black,Threats
3/23/2018,1443,03/23/18,2018,3,18046627,4D,7700 B/O 16th ST NW,Religion,Jewish,Threats
3/24/2018,1449,03/24/18,2018,3,18047210,3D,1800 B/O Adams Mill Rd NW,Race,White,Simple Assault
3/26/2018,2027,03/26/18,2018,3,18048419,2D,3300 B/O Wisconsin Ave NW,Race,Black,Damage/Defacing/Destruction of Property
3/27/2018,1806,03/27/18,2018,3,18048869,1D,600 B/O 7th St NW,Sexual Orientation,,Simple Assault
3/27/2018,1853,03/27/18,2018,3,18048916,1D,900 B/O L'Enfant Plaza SW,Race,White,Simple Assault
4/3/2018,0701,04/03/18,2018,4,18052609,1D,700 B/O 8th St NW,Race,Black,Theft
4/4/2018,1540,04/04/18,2018,4,18054104,5D,500 B/O Penn St NE,Ethnicity/National Origin,Latino/Hispanic,Sexual Abuse
4/5/2018,1746,04/05/18,2018,4,18054222,2D,1000 B/O New York Ave NW,Race,White,Simple Assault
4/3/2018,1930,04/05/18,2018,4,18054224,1D,1000 B/O 13th St SE,Religion,Muslim,Threats
4/10/2018,0305,04/10/18,2018,4,18056813,3D,900 B/O Florida Ave NW,Race,White,Simple Assault
4/14/2018,2156,04/14/18,2018,4,18059835,2D,1200 B/O 28th ST NW,Religion,Muslim,Damage/Defacing/Destruction of Property
4/15/2018,0031,04/15/18,2018,4,18059930,3D,2000 B/O 10th St NW,Sexual Orientation,,ADW
4/15/2018,1512,04/15/18,2018,4,18060233,4D,3700 B/O Georgia Ave NW,Sexual Orientation,,Simple Assault
4/15/2018,2302,04/16/18,2018,4,18060442,4D,3600 B/O 14th ST NW,Ethnicity/National Origin,Latino/Hispanic,Robbery
4/17/2018,2038,04/17/18,2018,4,18061553,2D,1200 B/O G St NW,Ethnicity/National Origin,Black/African,Robbery
4/20/2018,1118,04/20/18,2018,4,18063031,3D,2500 B/O Georgia Ave NW,Race,Black,Damage/Defacing/Destruction of Property
4/21/2018,1432,04/21/18,2018,4,18063758,2D,1800 B/O M St NW,Race,White,Threats
4/22/2018,2111,04/22/18,2018,4,18064464,7D,4000 B/O 4th ST SE,Sexual Orientation,,Threats
4/23/2018,1820,04/23/18,2018,4,18064958,3D,3100 B/O Mount Pleasant St NW,Ethnicity/National Origin,Latino/Hispanic,Simple Assault
4/30/2018,1639,04/30/18,2018,4,18068967,2D,Unit B/O 15th St SW,Race,Black,Threats
5/11/2018,2213,05/12/18,2018,5,18076135,7D,100 B/O Galveston Pl SW,Gender Identity/Expression,,Simple Assault
5/16/2018,1130,05/16/18,2018,5,18078733,2D,1000 B/O Wisconsin Ave NW,Sexual Orientation,,Threats
5/4/2018,1630,05/16/18,2018,5,18078915,2D,1400 B/O New York Ave NW,Race,Black,Threats
5/17/2018,1610,05/18/18,2018,5,18079974,2D,1300 B/O New York Ave NW,Ethnicity/National Origin,Latino/Hispanic,Threats
5/19/2018,2000,05/19/18,2018,5,18080756,3D,1400 B/O Irving St NW,Sexual Orientation,,Simple Assault
5/19/2018,2310,05/20/18,2018,5,18080901,1D,1200 B/O Half St SE,Ethnicity/National Origin,Latino/Hispanic,Threats
5/20/2018,0100,05/21/18,2018,5,18081726,3D,700 B/O Harvard St NW,Sexual Orientation,,Robbery
5/25/2018,1430,05/26/18,2018,5,18084660,4D,1400 B/O Perry Pl NW,Sexual Orientation,,Damage/Defacing/Destruction of Property
5/27/2018,0310,05/27/18,2018,5,18085245,2D,1900 B/O M St NW,Race,Black,Simple Assault
5/27/2018,1828,05/27/18,2018,5,18085566,3D,1300 B/O 14th St NW,Sexual Orientation,,Simple Assault
6/1/2018,1045,06/01/18,2018,6,18088385,1D,700 B/O I St NE,Sexual Orientation,,Simple Assault
6/1/2018,1928,06/01/18,2018,6,18088713,5D,900 B/O Rhode Island Ave NE,Ethnicity/National Origin,Latino/Hispanic,Threats
6/4/2018,0949,06/04/18,2018,6,18090063,5D,1100 B/O Oates St NE,Gender Identity/Expression,,Simple Assault
6/5/2018,2116,06/05/18,2018,6,18091166,4D,400 B/O Peabody St NW,Sexual Orientation,,Simple Assault
6/5/2018,2307,06/06/18,2018,6,18091220,1D,500 B/O H St NW,Race,Black,Threats
6/6/2018,1736,06/06/18,2018,6,18091675,4D,5600 B/O 1st St NE,Race,Black,Threats
6/7/2018,0004,06/07/18,2018,6,18091886,1D,100 B/O 7th St NW,Sexual Orientation,,Simple Assault
6/10/2018,1700,06/10/18,2018,6,18094116,3D,1600 B/O R St NW,Sexual Orientation,,Damage/Defacing/Destruction of Property
6/10/2018,1650,06/10/18,2018,6,18094124,1D,1600 B/O A St SE,Race,White,Simple Assault
6/13/2018,1746,06/13/18,2018,6,18096064,2D,1600 B/O P St NW,Ethnicity/National Origin,Latino/Hispanic,Threats
6/13/2018,2350,06/14/18,2018,6,18096291,6D,100 B/O 47th St NE,Sexual Orientation,,Robbery
6/15/2018,1423,06/15/18,2018,6,18097244,2D,5300 B/O Wisconsin Ave NW,Race,Black,Simple Assault
6/16/2018,0040,06/16/18,2018,6,18097619,3D,1600 B/O 17th St NW,Sexual Orientation,,Damage/Defacing/Destruction of Property
6/16/2018,0213,06/16/18,2018,6,18097663,6D,3800 B/O Minnesota Ave NE,Sexual Orientation,,Threats
6/17/2018,0402,06/17/18,2018,6,18098318,2D,1700 B/O M St NW,Gender Identity/Expression,,Simple Assault
6/17/2018,2215,06/18/18,2018,6,18098804,6D,1300 B/O Good Hope Rd SE,Gender Identity/Expression,,Robbery
6/21/2018,1206,06/21/18,2018,6,18101001,5D,1200 B/O 6th St NE,Ethnicity/National Origin,Latino/Hispanic,Threats
6/22/2018,2001,06/22/18,2018,6,18101936,4D,7000 B/O Blair Rd NW,Ethnicity/National Origin,Latino/Hispanic,Simple Assault
6/26/2018,1445,06/26/18,2018,6,18104343,2D,1000 B/O 14th St NW,Ethnicity/National Origin,Asian,ADW
6/27/2018,1728,06/27/18,2018,6,18104966,2D,1200 B/O Wisconsin Ave NW,Sexual Orientation,,Stalking
6/29/2018,0049,06/29/18,2018,6,18105946,3D,2300 B/O 18th St NW,Political Affiliation,,ADW
6/29/2018,0117,06/29/18,2018,6,18105958,3D,1300 B/O U St NW,Ethnicity/National Origin,Latino/Hispanic,ADW
6/29/2018,0658,06/29/18,2018,6,18106025,1D,300 B/O D St SW,Ethnicity/National Origin,Arab/Middle Eastern,Damage/Defacing/Destruction of Property
6/29/2018,1817,06/29/18,2018,6,18106333,5D,1200 B/O Quincy St NE,Race,White,Simple Assault
6/29/2018,2145,06/30/18,2018,6,18106702,2D,3100 B/O M St NW,Ethnicity/National Origin,Jewish,Damage/Defacing/Destruction of Property
7/1/2018,1711,07/01/18,2018,7,18107476,2D,4400 B/O Connecticut Ave NW,Ethnicity/National Origin,Latino/Hispanic,Simple Assault
7/2/2018,1714,07/02/18,2018,7,18108061,2D,1400 B/O M St NW,Ethnicity/National Origin,Jewish,Damage/Defacing/Destruction of Property
7/2/2018,1853,07/02/18,2018,7,18108146,2D,4500 B/O Garfield St NW,Ethnicity/National Origin,Jewish,Damage/Defacing/Destruction of Property
7/3/2018,2040,07/03/18,2018,7,18108875,3D,3100 B/O 14th St NW,Sexual Orientation,,Simple Assault
7/4/2018,1413,07/04/18,2018,7,18109277,7D,4600 B/O Martin Luther King Jr Ave SW,Gender Identity/Expression,,Threats
7/6/2018,0007,07/06/18,2018,7,18110306,1D,800 B/O 7th ST NW,Gender Identity/Expression,,Simple Assault
7/6/2018,1309,07/06/18,2018,7,18110527,5D,2400 B/O Market St NE,Race,Asian,Simple Assault
7/7/2018,2334,07/07/18,2018,7,18111503,1D,700 B/O 6th St NW,Race,Black,Simple Assault
7/9/2018,0631,07/09/18,2018,7,18112174,2D,1700 B/O Rhode Island Ave NW,Race,Black,Simple Assault
7/11/2018,1546,07/11/18,2018,7,18113700,2D,1700 B/O Pennsylvania Ave NW,Ethnicity/National Origin,Asian,Threats
7/14/2018,2229,07/15/18,2018,7,18115852,7D,3000 B/O 5th ST SE,Sexual Orientation,,Robbery
7/15/2018,0358,07/15/18,2018,7,18115984,2D,700 B/O 10th St NW,Sexual Orientation,,Simple Assault
7/19/2018,1625,07/19/18,2018,7,18118973,1D,700 B/O 9th ST NW,Ethnicity/National Origin,Black/African,Simple Assault
7/21/2018,0001,07/21/18,2018,7,18120309,2D,2300 B/O M St NW,Ethnicity/National Origin,Jewish,Damage/Defacing/Destruction of Property
7/25/2018,2300,07/26/18,2018,7,18123007,1D,700 B/O 4th ST SE,Race,White,Damage/Defacing/Destruction of Property
7/28/2018,1700,07/28/18,2018,7,18124744,3D,800 B/O Mount Vernon Pl NW,Sexual Orientation,,Simple Assault
8/2/2018,0752,08/02/18,2018,8,18127579,7D,3300 B/O Wheeler Rd SE,Ethnicity/National Origin,Latino/Hispanic,Simple Assault
7/30/2018,1259,08/02/18,2018,8,18127751,2D,800 B/O 16th St NW,Religion,Jewish,Damage/Defacing/Destruction of Property
8/6/2018,0141,08/06/18,2018,8,18129957,2D,1200 B/O Wisconsin Ave NW,Race,Black,ADW
8/9/2018,0139,08/09/18,2018,8,18131818,3D,1900 B/O 14th St NW,Race,Black,Simple Assault
8/10/2018,0927,08/10/18,2018,8,18132548,5D,2100 B/O I St NE,Gender Identity/Expression,,Threats
8/10/2018,1822,08/10/18,2018,8,18132857,2D,2500 B/O Pennsylvania Ave NW,Ethnicity/National Origin,Jewish,Damage/Defacing/Destruction of Property
8/11/2018,0212,08/11/18,2018,8,18133101,4D,6500 B/O Georgia Ave NW,Sexual Orientation,,Simple Assault
8/12/2018,1700,08/12/18,2018,8,18133968,2D,1300 B/O New York Ave NW,Political Affiliation,,Simple Assault
8/12/2018,2300,08/13/18,2018,8,18134315,7D,1200 B/O Valley Ter SE,Sexual Orientation,,Damage/Defacing/Destruction of Property
8/15/2018,0000,08/15/18,2018,8,18135346,5D,1300 B/O Brentwood Rd NE,Sexual Orientation,,Threats
8/8/2018,0940,08/16/18,2018,8,18136300,3D,3600 B/O 16th St NW,Sexual Orientation,,Threats
8/17/2018,1353,08/17/18,2018,8,18136864,2D,2000 B/O P St NW,Ethnicity/National Origin,Asian,Simple Assault
8/18/2018,1820,08/18/18,2018,8,18137691,6D,5000 B/O Hayes St NE,Gender Identity/Expression,,Threats
8/21/2018,1815,08/21/18,2018,8,18139639,2D,6600 B/O 31st St NW,Race,Black,ADW
8/25/2018,2030,08/25/18,2018,8,18142329,2D,2300 B/O M St NW,Ethnicity/National Origin,Jewish,Damage/Defacing/Destruction of Property
8/26/2018,1920,08/26/18,2018,8,18142923,5D,1700 B/O Gales St NE,Race,Black,Damage/Defacing/Destruction of Property
8/27/2018,1119,08/27/18,2018,8,18143313,5D,4000 B/O 22nd St NE,Race,White,Simple Assault
8/27/2018,1249,08/27/18,2018,8,18143342,6D,3200 B/O Pennsylvania Ave SE,Race,White,Threats
8/27/2018,1549,08/27/18,2018,8,18143488,2D,5700 B/O Broad Branch Rd NW,Ethnicity/National Origin,Latino/Hispanic,Threats
8/28/2018,0123,08/28/18,2018,8,18143814,2D,1500 B/O P St NW,Sexual Orientation,,Simple Assault
8/28/2018,0610,08/28/18,2018,8,18143849,7D,1900 B/O Martin Luther King Jr Ave SE,Sexual Orientation,,Damage/Defacing/Destruction of Property
8/28/2018,2217,08/29/18,2018,8,18144420,3D,3100 B/O Mount Pleasant St NW,Ethnicity/National Origin,Latino/Hispanic,ADW
8/29/2018,1251,08/29/18,2018,8,18144698,2D,1100 B/O 15th St NW,Political Affiliation,,Threats
8/30/2018,0818,08/30/18,2018,8,18145283,2D,1100 B/O K St NW,Ethnicity/National Origin,Black/African,Simple Assault
8/30/2018,1614,08/30/18,2018,8,18145520,4D,5500 B/O 9th St NW,Ethnicity/National Origin,Latino/Hispanic,ADW
8/31/2018,1821,08/31/18,2018,8,18146310,5D,500 B/O Rhode Island Ave NE,Gender Identity/Expression,,Threats
9/1/2018,1721,09/01/18,2018,9,18146892,5D,2300 B/O 4th St NE,Gender Identity/Expression,,Threats to Kidnap or Injure a Person
9/2/2018,2050,09/02/18,2018,9,18147554,3D,600 B/O Florida Ave NW,Sexual Orientation,,Simple Assault
9/4/2018,1905,09/04/18,2018,9,18148709,1D,600 B/O H St NW,Sexual Orientation,,Destruction of Property
9/4/2018,2104,09/04/18,2018,9,18148791,1D,600 B/O H St NW,Sexual Orientation,,Simple Assault
9/7/2018,1422,09/07/18,2018,9,18150682,1D,1200 B/O North Capitol St NW,Gender Identity/Expression,,Affrays
9/8/2018,1706,09/08/18,2018,9,18151260,2D,Unit B/O Dupont Cir NW,Homelessness,,ADW
9/10/2018,2255,09/10/18,2018,9,18152577,2D,1400 B/O P St NW,Ethnicity/National Origin,Latino/Hispanic,Simple Assault
9/14/2018,1200,09/14/18,2018,9,18154936,6D,2800 B/O Alabama Ave SE,Gender Identity/Expression,,Threats to Kidnap or Injure a Person
9/14/2018,1847,09/14/18,2018,9,18155207,2D,1300 B/O Connecticut Ave NW,Gender Identity/Expression,,Threats to do Bodily Harm
9/16/2018,2126,09/16/18,2018,9,18156533,3D,2000 B/O New Hampshire Ave NW,Sexual Orientation,,Aggravated Assault
9/19/2018,2040,09/19/18,2018,9,18158422,3D,1300 B/O V St NW,Sexual Orientation,,Simple Assault
9/20/2018,1700,09/20/18,2018,9,18159012,1D,500 B/O 4th St SW,Race,Black,Destruction of Property
9/23/2018,2151,09/23/18,2018,9,18161201,4D,6700 B/O Georgia Ave NW,Sexual Orientation,,Simple Assault
9/25/2018,0740,09/25/18,2018,9,18161966,4D,3700 B/O Georgia Ave NW,Sexual Orientation,,Simple Assault
9/25/2018,2200,09/26/18,2018,9,18163076,3D,1600 B/O S St NW,Political Affiliation,,Threats to do Bodily Harm
9/27/2018,0628,09/27/18,2018,9,18163248,6D,3800 B/O Minnesota Ave NE,Gender Identity/Expression,,Destruction of Property
9/27/2018,1336,09/28/18,2018,9,18163440,1D,400 B/O A St SE,Race,White,Simple Assault
9/29/2018,1445,09/29/18,2018,9,18164975,3D,1900 B/O Calvert St NW,Sexual Orientation,,Deface Private/Public Property
9/30/2018,1830,09/30/18,2018,9,18165594,1D,1100 B/O 4th ST SW,Sexual Orientation,,Simple Assault
9/30/2018,1844,09/30/18,2018,9,18165612,1D,1900 B/O Massachusetts Ave SE,Sexual Orientation,,Simple Assault
10/2/2018,0206,10/02/18,2018,10,18166409,2D,1600 B/O Connecticut Ave NW,Gender Identity/Expression,,Simple Assault
9/29/2018,0300,10/03/18,2018,10,18167341,3D,400 B/O Florida Ave NW,Sexual Orientation,,Threats
10/5/2018,1518,10/05/18,2018,10,18168685,7D,3400 B/O 4th St SE,Sexual Orientation,,Threats
10/5/2018,1638,10/05/18,2018,10,18168752,3D,1100 B/O U St NW,Sexual Orientation,,Simple Assault
10/7/2018,1550,10/07/18,2018,10,18170015,6D,1800 B/O Good Hope Rd SE,Gender Identity/Expression,,Threats
10/8/2018,1036,10/08/18,2018,10,18170389,2D,1400 B/O Foxhall Rd NW,Ethnicity/National Origin,Non-European,Damage/Defacing/Destruction of Property
10/10/2018,0833,10/10/18,2018,10,18171772,7D,1400 B/O Bruce Pl SE,Sexual Orientation,,Threats
10/12/2018,1913,10/12/18,2018,10,18173369,2D,1200 B/O G St NW,Sexual Orientation,,Threats
10/11/2018,0630,10/12/18,2018,10,18173370,1D,800 B/O 5th St NW,Gender Identity/Expression,,Threats
10/13/2018,2245,10/13/18,2018,10,18174031,3D,1600 B/O Kalmia RD NW,Ethnicity/National Origin,Latino/Hispanic,Robbery
10/13/2018,2239,10/14/18,2018,10,18174032,6D,3700 B/O Benning Rd NE,Sexual Orientation,,Damage/Defacing/Destruction of Property
10/14/2018,1607,10/14/18,2018,10,18174400,4D,7100 B/O Georgia Ave NW,Gender Identity/Expression,,Robbery
10/16/2018,0334,10/16/18,2018,10,18175249,4D,4400 B/O 14th St NW,Gender Identity/Expression,,Simple Assault
10/16/2018,1245,10/16/18,2018,10,18175461,4D,6300 B/O 5th St NW,Sexual Orientation,,Simple Assault
10/16/2018,1454,10/16/18,2018,10,18175485,1D,400 B/O New Jersey Ave SE,Religion,Muslim,Threats
10/17/2018,1725,10/17/18,2018,10,18176285,6D,4400 B/O Texas Ave SE,Ethnicity/National Origin,Latino/Hispanic,Simple Assault
10/18/2018,1615,10/18/18,2018,10,18176846,2D,3200 B/O M St NW,Gender Identity/Expression,,Threats
10/18/2018,2024,10/18/18,2018,10,18177007,2D,3700 B/O Newark St NW,Race,White,Threats
10/13/2018,1731,10/19/18,2018,10,18177458,6D,3400 B/O Hayes St NE,Race,White,Simple Assault
10/21/2018,0150,10/21/18,2018,10,18178450,7D,1300 B/O W St SE,Gender Identity/Expression,,Robbery
10/23/2018,1850,10/23/18,2018,10,18180039,3D,1400 B/O Girard St NW,Gender Identity/Expression,,Threats
10/24/2018,2245,10/25/18,2018,10,18181132,2D,1700 B/O L St NW,Political Affiliation,,Threats
10/26/2018,1445,10/26/18,2018,10,18181709,2D,1400 B/O K St NW,Political Affiliation,,Threats
10/27/2018,1220,10/27/18,2018,10,18182347,3D,1600 B/O Columbia Rd NW,Religion,Hindu,Simple Assault
10/29/2018,0039,10/29/18,2018,10,18183291,3D,2100 B/O 14th St NW,Gender Identity/Expression,,Robbery
10/24/2018,1600,10/29/18,2018,10,18183479,2D,2100 B/O G St NW,Ethnicity/National Origin,Jewish,Damage/Defacing/Destruction of Property
10/29/2018,0130,10/29/18,2018,10,18183535,2D,3300 B/O Wisconsin Ave NW,Political Affiliation,,Stalking
10/29/2018,1250,10/29/18,2018,10,18183659,2D,3900 B/O Macomb St NW,Religion,Jewish,Stalking
11/2/2018,1612,11/02/18,2018,11,18186467,6D,2800 B/O Alabama Ave SE,Sexual Orientation,,ADW
11/6/2018,0917,11/06/18,2018,11,18188522,2D,700 B/O 13th St NW,Ethnicity/National Origin,Latino/Hispanic,Threats to do Bodily Harm
11/7/2018,1153,11/07/18,2018,11,18189149,2D,2600 B/O Woodley Rd NW,Ethnicity/National Origin,Latino/Hispanic,Simple Assault
11/7/2018,1140,11/07/18,2018,11,18189154,4D,3400 B/O 14th St NW,Ethnicity/National Origin,Latino/Hispanic,Simple Assault
11/7/2018,1835,11/07/18,2018,11,18189444,2D,2900 B/O Chain Bridge Rd NW,Political Affiliation,,Deface Private/Public Property
11/10/2018,0250,11/10/18,2018,11,18191100,3D,1700 B/O U St NW,Sexual Orientation,,ADW
11/10/2018,1200,11/10/18,2018,11,18191533,3D,1400 B/O Florida Ave NW,Sexual Orientation,,Deface Private/Public Property
11/11/2018,1627,11/11/18,2018,11,18191948,5D,3100 B/O South Dakota Ave NE,Sexual Orientation,,Simple Assault
11/11/2018,1632,11/11/18,2018,11,18191978,2D,1900 B/O Q St NW,Ethnicity/National Origin,Jewish,Deface Private/Public Property
11/13/2018,1415,11/13/18,2018,11,18193046,5D,1800 B/O West Virginia Ave NE,Gender Identity/Expression,,Assault w/Significant Bodily Injury
11/16/2018,1918,11/16/18,2018,11,18195111,1D,1000 B/O 4th St SW,Political Affiliation,,Destruction of Property
11/16/2018,2358,11/17/18,2018,11,18195310,2D,1200 B/O 28th ST NW,Ethnicity/National Origin,Middle Eastern,Robbery
11/18/2018,1809,11/18/18,2018,11,18196360,2D,3000 B/O McKInley St NW,Ethnicity/National Origin,Jewish,Displaying Symbols
11/19/2018,0282,11/19/18,2018,11,18196690,4D,1600 B/O Jonquil St NW,Religion,Jewish,Stalking
11/20/2018,1157,11/20/18,2018,11,18197504,2D,4200 B/O Davenport St NW,Ethnicity/National Origin,Jewish,Displaying Symbols
11/24/2018,2019,11/24/18,2018,11,18199839,3D,1700 B/O Columbia Rd NW,Ethnicity/National Origin,Latino/Hispanic,Simple Assault
11/28/2018,1957,11/28/18,2018,11,18202245,2D,3600 B/O Cumberland St NW,Race,Black,Simple Assault
11/29/2018,1956,11/29/18,2018,11,18202971,3D,1700 B/O Euclid St NW,Race,Black,Destruction of Property
12/1/2018,0438,12/01/18,2018,12,18203912,5D,1300 B/O 2nd St NE,Gender Identity/Expression,,Threats
12/9/2018,0004,12/09/18,2018,12,18208672,3D,1600 B/O U St NW,Sexual Orientation,,Simple Assault
12/11/2018,1912,12/11/18,2018,12,18210281,5D,800 B/O Florida Ave NE,Religion,Muslim,Stalking
12/13/2018,1827,12/13/18,2018,12,18211517,2D,2300 B/O K St NW,Ethnicity/National Origin,Jewish,Displaying Symbols
12/14/2018,2330,12/15/18,2018,12,18212348,3D,2900 B/O 14th St NW,Gender Identity/Expression,,Threats
12/16/2018,0315,12/16/18,2018,12,18213058,2D,Unit B/O Dupont Cir NW,Ethnicity/National Origin,Middle Eastern,Simple Assault
12/18/2018,1710,12/18/18,2018,12,18214628,2D,1800 B/O M St NW,Race,Black,Threats
12/18/2018,2136,12/18/18,2018,12,18214747,2D,1100 B/O 23rd St NW,Race,Black,Damage/Defacing/Destruction of Property
12/19/2018,1745,12/19/18,2018,12,18215198,2D,Unit B/O Dupont Cir NW,Religion,Muslim,Simple Assault
12/23/2018,0038,12/23/18,2018,12,18217302,4D,1100 B/O Spring Rd NW,Religion,Muslim,Threats
12/24/2018,1325,12/24/18,2018,12,18218031,3D,1600 B/O Kalmia RD NW,Ethnicity/National Origin,Asian,Simple Assault
12/27/2018,1730,12/28/18,2018,12,18220101,2D,1100 B/O 19th St NW,Gender Identity/Expression,,Threats
12/30/2018,0045,12/30/18,2018,12,18220971,1D,1800 B/O Half St SW,Ethnicity/National Origin,Latino/Hispanic,Simple Assault
12/30/2018,0245,12/30/18,2018,12,18221059,6D,1600 B/O 17th Pl SE,Sexual Orientation,,ADW
1/1/2019,1700,01/01/19,2019,1,19000642,2D,1700 B/O P St NW,Ethnicity/National Origin,Latino/Hispanic,Threats
1/1/2019,0052,01/03/19,2019,1,19001623,2D,3000 B/O K St NW,Ethnicity/National Origin,Middle Eastern,Simple Assault
1/4/2019,1406,01/04/19,2019,1,19002287,5D,1100 B/O Owen Pl NE,Gender Identity/Expression,,Simple Assault
1/11/2019,2214,01/10/19,2019,1,19006769,7D,2200 B/O Savannah Ter SE,Ethnicity/National Origin,Latino/Hispanic,Robbery
1/13/2019,1908,01/13/19,2019,1,19007623,7D,1100 B/O Alabama Ave SE,Sexual Orientation,,Simple Assault
1/16/2019,2052,01/16/19,2019,1,19009200,3D,900 B/O U St NW,Race,Black,Threats
1/17/2019,1044,01/17/19,2019,1,19009463,5D,3300 B/O 12th ST NE,Race,White,Simple Assault
1/27/2019,2030,01/27/19,2019,1,19015763,5D,1600 B/O West Virginia Ave NE,Sexual Orientation,,Simple Assault
1/29/2019,0613,01/29/19,2019,1,19016527,4D,3300 B/O Sherman Ave NW,Gender Identity/Expression,,Threats
1/30/2019,2100,01/30/19,2019,1,19017588,7D,500 B/O Mellon St SE,Gender Identity/Expression,,ADW
2/2/2019,0940,02/02/19,2019,2,19019045,3D,1600 B/O Park Rd NW,Sexual Orientation,,Threats
2/3/2019,0220,02/03/19,2019,2,19019484,6D,3700 B/O Benning Rd NE,Sexual Orientation,,Simple Assault
2/5/2019,1909,02/05/19,2019,2,19021139,6D,4000 B/O Minnesota Ave NE,Sexual Orientation,,Threats
2/8/2019,0048,02/08/19,2019,2,19022625,3D,1400 B/O Clifton St NW,Ethnicity/National Origin,Black/African,Simple Assault
2/10/2019,0309,02/10/19,2019,2,19023967,3D,1800 B/O Columbia Rd NW,Ethnicity/National Origin,Arab/Middle Eastern,Simple Assault
2/12/2019,1739,02/12/19,2019,2,19025342,4D,3700 B/O Georgia Ave NW,Ethnicity/National Origin,Latino/Hispanic,Simple Assault
2/14/2019,1952,02/15/19,2019,2,19026746,1D,Unit B/O E St NE,Ethnicity/National Origin,Non-European,Damage/Defacing/Destruction of Property
2/16/2019,2341,02/17/19,2019,2,19028126,3D,2300 B/O 18th St NW,Sexual Orientation,,Simple Assault
2/18/2019,2025,02/20/19,2019,2,19029102,1D,600 B/O H St NE,Sexual Orientation,,Simple Assault
2/23/2019,0326,02/23/19,2019,2,19031660,3D,1900 B/O 9th St NW,Sexual Orientation,,Threats
2/24/2019,2025,02/24/19,2019,2,19032598,7D,1500 B/O Savannah St SE,Gender Identity/Expression,,Robbery
2/14/2019,1530,02/26/19,2019,2,19033032,2D,1100 B/O 15th St NW,Race,Black,Threats
2/26/2019,0532,02/26/19,2019,2,19033338,2D,1400 B/O P St NW,Ethnicity/National Origin,Latino/Hispanic,Threats
2/27/2019,1240,02/27/19,2019,2,19034101,6D,900 B/O Eastern Ave NW,Gender Identity/Expression,,ADW
3/2/2019,0930,03/02/19,2019,3,19035905,3D,1900 B/O 2nd ST NW,Ethnicity/National Origin,Asian,Damage/Defacing/Destruction of Property
3/4/2019,1750,03/04/19,2019,3,19037251,2D,1400 B/O 16th St NW,Ethnicity/National Origin,Jewish,Damage/Defacing/Destruction of Property
3/5/2019,1303,03/05/19,2019,3,19037814,1D,1500 B/O E St SE,Race,White,Damage/Defacing/Destruction of Property
3/6/2019,0203,03/06/19,2019,3,19038064,2D,1200 B/O Connecticut Ave NW,Sexual Orientation,,Simple Assault
3/7/2019,1749,03/07/19,2019,3,19039083,5D,Unit B/O Florida Ave  NE,Gender Identity/Expression,,Threats
3/8/2019,1915,03/09/19,2019,3,19040328,2D,800 B/O 16th St NW,Ethnicity/National Origin,Arab/Middle Eastern,Simple Assault
3/10/2019,0404,03/10/19,2019,3,19040518,5D,Unit B/O New York Ave NE,Sexual Orientation,,Simple Assault
3/10/2019,2251,03/10/19,2019,3,19040901,2D,4500 B/O Wisconsin Ave NW,Ethnicity/National Origin,Latino/Hispanic,Simple Assault
3/8/2019,1430,03/11/19,2019,3,19040975,2D,900 B/O 23rd St NW,Race,Black,Damage/Defacing/Destruction of Property
3/15/2019,0213,03/15/19,2019,3,19043676,3D,1900 B/O 14th St NW,Sexual Orientation,,Simple Assault
3/15/2019,0811,03/15/19,2019,3,19043732,1D,Unit B/O K St NW,Ethnicity/National Origin,Latino/Hispanic,Threats
3/11/2019,1147,03/15/19,2019,3,19043761,1D,800 B/O 8th St NW,Ethnicity/National Origin,Jewish,Threats
3/8/2019,0728,03/15/19,2019,3,19043928,1D,200 B/O H St NW,Ethnicity/National Origin,Arab/Middle Eastern,Threats
3/15/2019,1614,03/15/19,2019,3,19043993,6D,4200 B/O Edson Pl NE,Ethnicity/National Origin,Black/African,Simple Assault
3/9/2019,1954,03/16/19,2019,3,19044824,2D,1900 B/O K St NW,Sex/Gender,Female,Threats
3/15/2019,1545,03/18/19,2019,3,19045789,2D,1100 B/O 19th St NW,Gender Identity/Expression,,Threats
3/19/2019,1300,03/19/19,2019,3,19046529,3D,3100 B/O 14th St NW,Sexual Orientation,,Threats
3/19/2019,1757,03/19/19,2019,3,19046574,2D,Unit B/O Washington Cir NW,Ethnicity/National Origin,Jewish,Damage/Defacing/Destruction of Property
3/20/2019,2152,03/20/19,2019,3,19047353,5D,1700 B/O Lincoln Rd NE,Sexual Orientation,,Threats
3/22/2019,1421,03/22/19,2019,3,19048300,4D,7500 B/O Georgia Ave NW,Gender Identity/Expression,,Threats
3/24/2019,0023,03/24/19,2019,3,19049304,2D,2200 B/O I St NW,Ethnicity/National Origin,Asian,Simple Assault
3/24/2019,1600,03/24/19,2019,3,19049685,3D,1700 B/O Columbia Rd NW,Sexual Orientation,,Threats
3/26/2019,1515,03/26/19,2019,3,19050952,3D,1800 B/O Kalorama Rd NW,Sexual Orientation,,Damage/Defacing/Destruction of Property
3/26/2019,1743,03/26/19,2019,3,19050983,2D,Unit B/O Dupont Cir NW,Sexual Orientation,,Simple Assault
3/22/2019,2000,03/26/19,2019,3,19051011,4D,1500 B/O Ogden St NW,Ethnicity/National Origin,Jamaican,Simple Assault
3/27/2019,0803,03/27/19,2019,3,19051332,2D,2400 B/O K St NW,Race,White,Simple Assault
3/28/2019,1836,03/28/19,2019,3,19052430,1D,400 B/O H St NE,Ethnicity/National Origin,Asian,Simple Assault
3/29/2019,1120,03/29/19,2019,3,19052770,2D,4900 B/O Massachusetts Ave NW,Religion,Jewish,Stalking
3/30/2019,1503,03/30/19,2019,3,19053554,6D,1700 B/O 28th ST SE,Sexual Orientation,,Simple Assault
3/31/2019,1347,03/31/19,2019,3,19054139,3D,2600 B/O 14th ST NW,Race,White,Robbery
